s,C,C,C,C,C,C,C,C,C,C,C,C,C,C,C,C,C,C,C,C,C,C,C,C,C,C,C,C,C,C,C,C,C,C,C,C,C,C,C,C,C,C,C,C,C,C,C,C,C,C,C,C,C,C,C,C,C,C,C,C,C,C,C,C,C,C,C,C,C,C,C,C,C,C,C,C,C,C,C,mol/mol,mol/mol,mol/mol,mol/mol,mol/mol,mol/mol,
Time,TC_001,TC_002,TC_003,TC_004,TC_005,TC_006,TC_007,TC_008,TC_009,TC_010,TC_011,TC_012,TC_013,TC_014,TC_015,TC_016,TC_017,TC_018,TC_019,TC_020,TC_021,TC_022,TC_023,TC_024,TC_025,TC_026,TC_027,TC_028,TC_029,TC_030,TC_031,TC_032,TC_033,TC_034,TC_035,TC_036,TC_037,TC_038,TC_039,TC_040,TC_041,TC_042,TC_043,TC_044,TC_045,TC_046,TC_047,TC_048,TC_049,TC_050,TC_051,TC_052,TC_053,TC_054,TC_055,TC_056,TC_057,TC_058,TC_059,TC_060,TC_061,TC_062,TC_063,TC_064,TC_065,TC_066,TC_067,TC_068,TC_069,TC_070,TC_071,TC_087,TC_088,TC_089,TC_090,TC_094,TC_095,TC_096,TC_097,O2_FLOOR,CO2_FLOOR,CO_FLOOR,O2_VENT,CO2_VENT,CO_VENT,Acts
 0.000E+000, 1.800E+001, 1.800E+001, 1.800E+001, 1.800E+001, 1.800E+001, 1.800E+001, 1.800E+001, 1.800E+001, 1.800E+001, 1.800E+001, 1.800E+001, 1.800E+001, 1.800E+001, 1.800E+001, 1.800E+001, 1.800E+001, 1.800E+001, 1.800E+001, 1.800E+001, 1.800E+001, 1.800E+001, 1.800E+001, 1.800E+001, 1.800E+001, 1.800E+001, 1.800E+001, 1.800E+001, 1.800E+001, 1.800E+001, 1.800E+001, 1.800E+001, 1.800E+001, 1.800E+001, 1.800E+001, 1.800E+001, 1.800E+001, 1.800E+001, 1.800E+001, 1.800E+001, 1.800E+001, 1.800E+001, 1.800E+001, 1.800E+001, 1.800E+001, 1.800E+001, 1.800E+001, 1.800E+001, 1.800E+001, 1.800E+001, 1.800E+001, 1.800E+001, 1.800E+001, 1.800E+001, 1.800E+001, 1.800E+001, 1.800E+001, 1.800E+001, 1.800E+001, 1.800E+001, 1.800E+001, 1.800E+001, 1.800E+001, 1.800E+001, 1.800E+001, 1.800E+001, 1.800E+001, 1.800E+001, 1.800E+001, 1.800E+001, 1.800E+001, 1.800E+001, 1.800E+001, 1.800E+001, 1.800E+001, 1.800E+001, 1.800E+001, 1.800E+001, 1.800E+001, 1.800E+001, 2.078E-001, 3.868E-004, 0.000E+000, 2.078E-001, 3.868E-004, 0.000E+000, 0.000E+000
 1.000E+001, 1.801E+001, 1.801E+001, 1.801E+001, 1.801E+001, 1.802E+001, 1.802E+001, 1.802E+001, 1.802E+001, 1.803E+001, 1.800E+001, 1.816E+001, 1.801E+001, 1.801E+001, 1.801E+001, 1.801E+001, 1.801E+001, 1.801E+001, 1.802E+001, 1.802E+001, 1.802E+001, 1.800E+001, 1.806E+001, 1.801E+001, 1.801E+001, 1.801E+001, 1.801E+001, 1.806E+001, 1.818E+001, 1.829E+001, 1.856E+001, 1.893E+001, 1.800E+001, 1.804E+001, 1.800E+001, 1.800E+001, 1.800E+001, 1.800E+001, 1.800E+001, 1.800E+001, 1.800E+001, 1.800E+001, 1.800E+001, 1.801E+001, 1.801E+001, 1.800E+001, 1.800E+001, 1.801E+001, 1.801E+001, 1.801E+001, 1.801E+001, 1.802E+001, 1.802E+001, 1.801E+001, 1.801E+001, 1.802E+001, 1.802E+001, 1.801E+001, 1.801E+001, 1.801E+001, 1.801E+001, 1.800E+001, 1.801E+001, 1.801E+001, 1.801E+001, 1.801E+001, 1.801E+001, 1.801E+001, 1.800E+001, 1.800E+001, 1.800E+001, 1.801E+001, 1.800E+001, 1.801E+001, 1.801E+001, 1.800E+001, 1.800E+001, 1.800E+001, 1.800E+001, 1.800E+001, 2.078E-001, 3.868E-004, 4.227E-085, 2.078E-001, 3.868E-004, 6.240E-035, 0.000E+000
 2.001E+001, 2.118E+001, 1.893E+001, 1.819E+001, 1.824E+001, 1.829E+001, 1.835E+001, 1.838E+001, 1.844E+001, 1.852E+001, 1.800E+001, 2.112E+001, 1.998E+001, 1.868E+001, 1.826E+001, 1.827E+001, 1.828E+001, 1.829E+001, 1.830E+001, 1.834E+001, 1.839E+001, 1.800E+001, 2.351E+001, 4.850E+001, 5.065E+001, 5.540E+001, 6.011E+001, 6.496E+001, 6.985E+001, 7.236E+001, 7.760E+001, 8.263E+001, 1.800E+001, 1.855E+001, 1.808E+001, 1.807E+001, 1.806E+001, 1.805E+001, 1.804E+001, 1.803E+001, 1.803E+001, 1.803E+001, 1.804E+001, 2.260E+001, 2.239E+001, 2.192E+001, 2.200E+001, 2.347E+001, 2.343E+001, 2.360E+001, 2.191E+001, 2.854E+001, 2.815E+001, 2.192E+001, 2.240E+001, 2.862E+001, 2.888E+001, 2.179E+001, 1.967E+001, 2.041E+001, 2.109E+001, 1.977E+001, 1.812E+001, 1.818E+001, 1.816E+001, 1.816E+001, 2.520E+001, 2.053E+001, 1.805E+001, 1.802E+001, 1.815E+001, 2.419E+001, 1.802E+001, 1.812E+001, 1.811E+001, 1.802E+001, 1.800E+001, 1.802E+001, 1.802E+001, 1.800E+001, 2.078E-001, 3.868E-004, 3.261E-077, 2.062E-001, 1.341E-003, 2.988E-006, 0.000E+000
 3.001E+001, 3.837E+001, 2.705E+001, 1.898E+001, 1.907E+001, 1.928E+001, 1.952E+001, 1.965E+001, 1.995E+001, 2.030E+001, 1.800E+001, 3.026E+001, 2.697E+001, 2.144E+001, 1.917E+001, 1.918E+001, 1.921E+001, 1.927E+001, 1.932E+001, 1.947E+001, 1.967E+001, 1.800E+001, 3.904E+001, 1.031E+002, 1.054E+002, 1.124E+002, 1.212E+002, 1.312E+002, 1.424E+002, 1.485E+002, 1.626E+002, 1.803E+002, 1.800E+001, 2.051E+001, 2.108E+001, 1.965E+001, 1.825E+001, 1.819E+001, 1.816E+001, 1.814E+001, 1.814E+001, 1.815E+001, 1.819E+001, 4.705E+001, 4.749E+001, 4.695E+001, 4.601E+001, 4.339E+001, 4.224E+001, 4.282E+001, 4.070E+001, 5.967E+001, 6.103E+001, 4.003E+001, 4.188E+001, 5.989E+001, 5.891E+001, 4.045E+001, 3.515E+001, 3.600E+001, 3.834E+001, 3.271E+001, 2.689E+001, 2.688E+001, 3.147E+001, 2.714E+001, 4.908E+001, 3.790E+001, 2.669E+001, 2.879E+001, 2.721E+001, 4.741E+001, 2.044E+001, 2.063E+001, 2.238E+001, 2.098E+001, 1.804E+001, 1.810E+001, 1.898E+001, 1.815E+001, 2.078E-001, 3.868E-004, 1.482E-060, 2.029E-001, 3.229E-003, 8.905E-006, 0.000E+000
 4.000E+001, 4.857E+001, 3.459E+001, 2.125E+001, 2.150E+001, 2.198E+001, 2.253E+001, 2.280E+001, 2.348E+001, 2.426E+001, 1.800E+001, 4.752E+001, 4.492E+001, 3.062E+001, 2.182E+001, 2.099E+001, 2.119E+001, 2.142E+001, 2.158E+001, 2.195E+001, 2.235E+001, 1.800E+001, 7.197E+001, 1.621E+002, 1.627E+002, 1.728E+002, 1.886E+002, 2.081E+002, 2.317E+002, 2.448E+002, 2.747E+002, 3.113E+002, 1.800E+001, 2.466E+001, 2.723E+001, 2.101E+001, 1.848E+001, 1.841E+001, 1.838E+001, 1.837E+001, 1.838E+001, 1.842E+001, 1.852E+001, 7.066E+001, 6.993E+001, 7.037E+001, 7.031E+001, 7.085E+001, 7.187E+001, 7.319E+001, 5.792E+001, 8.738E+001, 9.682E+001, 6.511E+001, 6.376E+001, 9.730E+001, 9.945E+001, 6.441E+001, 5.803E+001, 6.027E+001, 5.611E+001, 5.508E+001, 4.271E+001, 5.090E+001, 4.811E+001, 4.198E+001, 7.687E+001, 6.042E+001, 4.483E+001, 4.788E+001, 4.393E+001, 7.676E+001, 3.449E+001, 3.921E+001, 3.961E+001, 3.478E+001, 2.771E+001, 2.891E+001, 3.158E+001, 2.692E+001, 2.078E-001, 3.868E-004, 2.609E-049, 2.003E-001, 4.759E-003, 1.370E-005, 0.000E+000
 5.000E+001, 7.059E+001, 4.307E+001, 2.636E+001, 2.678E+001, 2.741E+001, 2.821E+001, 2.864E+001, 2.966E+001, 3.083E+001, 1.801E+001, 7.271E+001, 6.414E+001, 3.911E+001, 2.500E+001, 2.468E+001, 2.488E+001, 2.522E+001, 2.545E+001, 2.589E+001, 2.634E+001, 1.802E+001, 1.394E+002, 2.214E+002, 2.139E+002, 2.161E+002, 2.328E+002, 2.556E+002, 2.859E+002, 3.039E+002, 3.447E+002, 3.964E+002, 1.800E+001, 3.073E+001, 3.782E+001, 2.495E+001, 1.891E+001, 1.881E+001, 1.879E+001, 1.883E+001, 1.887E+001, 1.896E+001, 1.903E+001, 1.093E+002, 1.073E+002, 1.084E+002, 1.074E+002, 1.048E+002, 1.052E+002, 1.059E+002, 7.947E+001, 1.225E+002, 1.393E+002, 9.075E+001, 8.233E+001, 1.378E+002, 1.604E+002, 8.461E+001, 7.851E+001, 8.654E+001, 7.546E+001, 8.205E+001, 6.125E+001, 7.412E+001, 6.746E+001, 6.033E+001, 1.032E+002, 8.398E+001, 6.216E+001, 7.202E+001, 5.783E+001, 1.150E+002, 4.839E+001, 5.931E+001, 5.483E+001, 4.837E+001, 4.215E+001, 4.918E+001, 4.489E+001, 3.978E+001, 2.078E-001, 3.868E-004, 3.995E-034, 1.973E-001, 6.519E-003, 1.921E-005, 0.000E+000
 6.001E+001, 8.591E+001, 5.496E+001, 3.211E+001, 3.229E+001, 3.307E+001, 3.407E+001, 3.472E+001, 3.604E+001, 3.764E+001, 1.804E+001, 9.362E+001, 8.780E+001, 5.512E+001, 2.959E+001, 2.901E+001, 2.906E+001, 2.938E+001, 2.969E+001, 3.013E+001, 3.061E+001, 1.808E+001, 2.160E+002, 2.639E+002, 2.511E+002, 2.542E+002, 2.745E+002, 3.030E+002, 3.410E+002, 3.636E+002, 4.161E+002, 4.739E+002, 1.801E+001, 3.709E+001, 5.023E+001, 3.157E+001, 1.992E+001, 1.950E+001, 1.946E+001, 1.933E+001, 1.932E+001, 1.931E+001, 1.938E+001, 1.302E+002, 1.295E+002, 1.348E+002, 1.354E+002, 1.319E+002, 1.323E+002, 1.318E+002, 9.590E+001, 1.466E+002, 1.893E+002, 1.071E+002, 1.005E+002, 1.620E+002, 1.960E+002, 1.098E+002, 9.093E+001, 1.105E+002, 8.321E+001, 9.823E+001, 7.485E+001, 8.530E+001, 6.475E+001, 6.976E+001, 1.250E+002, 9.617E+001, 8.321E+001, 8.679E+001, 6.378E+001, 1.504E+002, 6.207E+001, 7.467E+001, 5.692E+001, 5.390E+001, 5.406E+001, 6.290E+001, 5.363E+001, 4.680E+001, 2.078E-001, 3.868E-004, 8.753E-027, 1.940E-001, 8.217E-003, 2.453E-005, 2.000E+000
 7.001E+001, 9.592E+001, 6.710E+001, 3.590E+001, 3.304E+001, 3.377E+001, 3.468E+001, 3.533E+001, 3.700E+001, 3.853E+001, 1.813E+001, 8.353E+001, 7.526E+001, 5.433E+001, 2.999E+001, 2.857E+001, 2.891E+001, 2.868E+001, 2.920E+001, 2.978E+001, 3.094E+001, 1.824E+001, 2.455E+002, 2.700E+002, 2.589E+002, 2.673E+002, 2.937E+002, 3.314E+002, 3.750E+002, 4.002E+002, 4.608E+002, 5.357E+002, 1.803E+001, 3.781E+001, 4.659E+001, 3.117E+001, 2.175E+001, 2.015E+001, 1.958E+001, 1.914E+001, 1.917E+001, 1.924E+001, 1.935E+001, 1.492E+002, 1.474E+002, 1.438E+002, 1.425E+002, 1.392E+002, 1.379E+002, 1.340E+002, 1.017E+002, 1.465E+002, 1.475E+002, 1.061E+002, 1.003E+002, 1.432E+002, 1.364E+002, 1.071E+002, 8.883E+001, 1.068E+002, 1.065E+002, 8.468E+001, 6.958E+001, 8.978E+001, 8.820E+001, 6.705E+001, 1.225E+002, 9.337E+001, 8.158E+001, 9.276E+001, 7.264E+001, 1.209E+002, 6.403E+001, 7.690E+001, 6.478E+001, 5.898E+001, 6.027E+001, 6.360E+001, 5.483E+001, 5.100E+001, 2.078E-001, 3.868E-004, 1.001E-024, 1.885E-001, 9.577E-003, 2.881E-005, 3.000E+000
 8.001E+001, 7.219E+001, 5.579E+001, 3.504E+001, 2.865E+001, 2.905E+001, 3.007E+001, 3.075E+001, 3.240E+001, 3.423E+001, 1.829E+001, 7.636E+001, 8.845E+001, 7.078E+001, 3.569E+001, 2.671E+001, 2.632E+001, 2.655E+001, 2.678E+001, 2.703E+001, 2.765E+001, 1.859E+001, 2.106E+002, 2.188E+002, 2.100E+002, 2.101E+002, 2.238E+002, 2.392E+002, 2.630E+002, 2.767E+002, 3.148E+002, 3.613E+002, 1.807E+001, 3.768E+001, 4.577E+001, 3.003E+001, 2.137E+001, 2.032E+001, 1.939E+001, 1.897E+001, 1.891E+001, 1.900E+001, 1.909E+001, 1.287E+002, 1.268E+002, 1.222E+002, 1.220E+002, 1.245E+002, 1.256E+002, 1.262E+002, 1.064E+002, 1.366E+002, 1.195E+002, 9.613E+001, 1.176E+002, 1.177E+002, 1.039E+002, 9.802E+001, 8.742E+001, 1.028E+002, 1.087E+002, 8.531E+001, 6.720E+001, 8.584E+001, 8.192E+001, 6.866E+001, 1.337E+002, 9.117E+001, 7.428E+001, 8.564E+001, 7.225E+001, 1.146E+002, 5.853E+001, 6.789E+001, 6.547E+001, 5.956E+001, 5.330E+001, 5.845E+001, 5.498E+001, 5.168E+001, 2.075E-001, 3.862E-004, 5.436E-015, 1.878E-001, 8.204E-003, 2.453E-005, 4.000E+000
 9.001E+001, 7.907E+001, 6.021E+001, 3.958E+001, 2.744E+001, 2.650E+001, 2.775E+001, 2.871E+001, 3.048E+001, 3.250E+001, 1.857E+001, 7.368E+001, 8.314E+001, 6.841E+001, 3.694E+001, 2.530E+001, 2.472E+001, 2.518E+001, 2.576E+001, 2.690E+001, 2.793E+001, 1.923E+001, 1.821E+002, 1.888E+002, 1.840E+002, 1.899E+002, 2.027E+002, 2.244E+002, 2.552E+002, 2.732E+002, 3.147E+002, 3.647E+002, 1.813E+001, 3.778E+001, 4.475E+001, 2.851E+001, 2.013E+001, 1.915E+001, 1.875E+001, 1.871E+001, 1.874E+001, 1.883E+001, 1.887E+001, 1.148E+002, 1.151E+002, 1.160E+002, 1.168E+002, 1.189E+002, 1.197E+002, 1.211E+002, 8.905E+001, 9.735E+001, 1.172E+002, 9.337E+001, 9.793E+001, 1.061E+002, 9.561E+001, 8.168E+001, 8.129E+001, 1.025E+002, 9.137E+001, 7.521E+001, 7.359E+001, 8.231E+001, 7.597E+001, 6.782E+001, 1.076E+002, 9.267E+001, 7.444E+001, 8.143E+001, 7.089E+001, 1.020E+002, 6.069E+001, 6.662E+001, 6.173E+001, 5.942E+001, 5.116E+001, 5.451E+001, 5.239E+001, 5.326E+001, 2.076E-001, 3.865E-004, 7.919E-011, 1.877E-001, 8.303E-003, 2.484E-005, 4.000E+000
 1.000E+002, 7.981E+001, 6.601E+001, 4.479E+001, 3.090E+001, 2.726E+001, 2.805E+001, 2.886E+001, 3.031E+001, 3.226E+001, 1.895E+001, 7.480E+001, 8.157E+001, 6.837E+001, 4.122E+001, 2.898E+001, 2.579E+001, 2.629E+001, 2.662E+001, 2.737E+001, 2.845E+001, 2.019E+001, 1.784E+002, 1.893E+002, 1.817E+002, 1.836E+002, 1.933E+002, 2.139E+002, 2.420E+002, 2.586E+002, 2.956E+002, 3.428E+002, 1.823E+001, 3.927E+001, 4.771E+001, 3.018E+001, 2.024E+001, 1.904E+001, 1.876E+001, 1.871E+001, 1.873E+001, 1.878E+001, 1.886E+001, 1.162E+002, 1.168E+002, 1.182E+002, 1.184E+002, 1.179E+002, 1.200E+002, 1.212E+002, 7.749E+001, 8.560E+001, 1.147E+002, 8.912E+001, 8.437E+001, 1.023E+002, 1.089E+002, 8.184E+001, 8.768E+001, 1.040E+002, 8.519E+001, 7.650E+001, 7.762E+001, 8.108E+001, 7.121E+001, 5.826E+001, 9.807E+001, 9.436E+001, 8.444E+001, 7.822E+001, 6.166E+001, 1.023E+002, 6.525E+001, 6.603E+001, 5.981E+001, 5.152E+001, 5.316E+001, 5.691E+001, 5.134E+001, 4.930E+001, 2.073E-001, 3.890E-004, 9.598E-009, 1.871E-001, 8.255E-003, 2.469E-005, 4.000E+000
 1.100E+002, 7.281E+001, 5.781E+001, 3.715E+001, 2.894E+001, 2.751E+001, 2.790E+001, 2.849E+001, 2.968E+001, 3.119E+001, 1.942E+001, 7.184E+001, 7.580E+001, 6.675E+001, 3.940E+001, 2.824E+001, 2.653E+001, 2.703E+001, 2.732E+001, 2.741E+001, 2.872E+001, 2.145E+001, 1.585E+002, 1.558E+002, 1.463E+002, 1.402E+002, 1.427E+002, 1.560E+002, 1.728E+002, 1.824E+002, 2.047E+002, 2.376E+002, 1.836E+001, 3.869E+001, 4.248E+001, 2.696E+001, 1.981E+001, 1.879E+001, 1.870E+001, 1.866E+001, 1.868E+001, 1.874E+001, 1.883E+001, 9.545E+001, 9.608E+001, 9.865E+001, 9.838E+001, 9.586E+001, 9.649E+001, 9.830E+001, 7.727E+001, 8.299E+001, 1.092E+002, 9.154E+001, 8.576E+001, 8.613E+001, 8.949E+001, 9.177E+001, 8.167E+001, 8.758E+001, 7.743E+001, 7.021E+001, 6.921E+001, 6.817E+001, 6.250E+001, 5.349E+001, 9.465E+001, 7.969E+001, 7.440E+001, 6.437E+001, 5.709E+001, 9.829E+001, 5.879E+001, 5.825E+001, 5.452E+001, 4.921E+001, 5.317E+001, 5.145E+001, 4.903E+001, 4.561E+001, 2.070E-001, 3.920E-004, 2.062E-008, 1.910E-001, 6.741E-003, 1.994E-005, 4.000E+000
 1.200E+002, 7.663E+001, 6.216E+001, 3.915E+001, 2.987E+001, 2.913E+001, 2.869E+001, 2.851E+001, 2.995E+001, 3.034E+001, 1.996E+001, 7.389E+001, 7.456E+001, 6.129E+001, 3.191E+001, 2.548E+001, 2.539E+001, 2.605E+001, 2.736E+001, 2.932E+001, 3.033E+001, 2.292E+001, 1.610E+002, 1.653E+002, 1.577E+002, 1.534E+002, 1.591E+002, 1.702E+002, 1.910E+002, 2.043E+002, 2.397E+002, 2.840E+002, 1.852E+001, 3.855E+001, 4.379E+001, 2.860E+001, 1.970E+001, 1.872E+001, 1.866E+001, 1.864E+001, 1.864E+001, 1.869E+001, 1.878E+001, 1.047E+002, 1.040E+002, 1.019E+002, 1.006E+002, 9.845E+001, 1.014E+002, 1.029E+002, 7.554E+001, 8.660E+001, 1.168E+002, 9.020E+001, 8.607E+001, 8.143E+001, 9.987E+001, 9.233E+001, 8.568E+001, 8.672E+001, 8.194E+001, 7.466E+001, 6.798E+001, 6.660E+001, 6.402E+001, 5.752E+001, 1.003E+002, 8.204E+001, 7.172E+001, 6.486E+001, 5.982E+001, 1.121E+002, 5.969E+001, 5.209E+001, 5.325E+001, 5.028E+001, 4.736E+001, 4.573E+001, 4.645E+001, 4.331E+001, 2.072E-001, 3.888E-004, 9.274E-009, 1.872E-001, 8.261E-003, 2.471E-005, 4.000E+000
 1.300E+002, 9.657E+001, 7.424E+001, 3.888E+001, 2.931E+001, 2.815E+001, 2.812E+001, 2.833E+001, 2.940E+001, 3.096E+001, 2.054E+001, 7.455E+001, 6.992E+001, 4.581E+001, 2.724E+001, 2.541E+001, 2.546E+001, 2.592E+001, 2.654E+001, 2.749E+001, 2.832E+001, 2.453E+001, 1.643E+002, 1.759E+002, 1.735E+002, 1.766E+002, 1.879E+002, 2.080E+002, 2.394E+002, 2.578E+002, 3.049E+002, 3.646E+002, 1.871E+001, 3.894E+001, 4.368E+001, 2.909E+001, 1.966E+001, 1.872E+001, 1.868E+001, 1.867E+001, 1.869E+001, 1.874E+001, 1.884E+001, 1.151E+002, 1.146E+002, 1.158E+002, 1.166E+002, 1.133E+002, 1.126E+002, 1.092E+002, 8.438E+001, 8.972E+001, 1.141E+002, 8.615E+001, 8.918E+001, 9.284E+001, 9.514E+001, 8.356E+001, 8.009E+001, 9.369E+001, 9.249E+001, 7.341E+001, 6.879E+001, 8.249E+001, 7.785E+001, 6.060E+001, 1.035E+002, 8.475E+001, 7.464E+001, 8.298E+001, 6.522E+001, 1.019E+002, 6.107E+001, 6.935E+001, 6.514E+001, 4.937E+001, 5.591E+001, 5.720E+001, 5.410E+001, 4.675E+001, 2.072E-001, 3.896E-004, 1.245E-008, 1.859E-001, 9.312E-003, 2.800E-005, 4.000E+000
 1.400E+002, 7.479E+001, 5.875E+001, 3.610E+001, 2.888E+001, 2.733E+001, 2.627E+001, 2.647E+001, 2.745E+001, 2.881E+001, 2.114E+001, 7.374E+001, 7.727E+001, 6.393E+001, 3.900E+001, 2.686E+001, 2.534E+001, 2.549E+001, 2.578E+001, 2.631E+001, 2.660E+001, 2.618E+001, 1.670E+002, 1.784E+002, 1.735E+002, 1.755E+002, 1.902E+002, 2.130E+002, 2.451E+002, 2.640E+002, 3.099E+002, 3.648E+002, 1.891E+001, 3.924E+001, 4.334E+001, 2.850E+001, 1.941E+001, 1.873E+001, 1.870E+001, 1.871E+001, 1.872E+001, 1.876E+001, 1.885E+001, 1.066E+002, 1.060E+002, 1.052E+002, 1.054E+002, 1.062E+002, 1.074E+002, 1.088E+002, 8.333E+001, 9.602E+001, 1.027E+002, 8.269E+001, 9.119E+001, 1.052E+002, 9.702E+001, 7.895E+001, 8.414E+001, 9.371E+001, 9.417E+001, 7.088E+001, 6.974E+001, 8.448E+001, 8.011E+001, 6.044E+001, 1.122E+002, 8.195E+001, 7.398E+001, 8.346E+001, 6.594E+001, 1.016E+002, 6.376E+001, 7.215E+001, 6.768E+001, 5.286E+001, 5.919E+001, 6.118E+001, 5.783E+001, 4.834E+001, 2.071E-001, 3.888E-004, 9.907E-009, 1.890E-001, 7.720E-003, 2.301E-005, 4.000E+000
 1.500E+002, 7.256E+001, 5.954E+001, 4.000E+001, 3.046E+001, 2.788E+001, 2.632E+001, 2.615E+001, 2.653E+001, 2.751E+001, 2.175E+001, 7.167E+001, 7.945E+001, 6.867E+001, 4.861E+001, 3.615E+001, 3.112E+001, 2.730E+001, 2.612E+001, 2.566E+001, 2.577E+001, 2.783E+001, 1.652E+002, 1.723E+002, 1.598E+002, 1.576E+002, 1.725E+002, 2.015E+002, 2.383E+002, 2.595E+002, 3.040E+002, 3.508E+002, 1.912E+001, 4.030E+001, 4.771E+001, 3.415E+001, 2.014E+001, 1.888E+001, 1.872E+001, 1.871E+001, 1.872E+001, 1.877E+001, 1.884E+001, 1.011E+002, 1.013E+002, 1.034E+002, 1.031E+002, 1.066E+002, 1.079E+002, 1.099E+002, 9.294E+001, 1.097E+002, 1.019E+002, 7.798E+001, 9.064E+001, 1.061E+002, 8.719E+001, 7.608E+001, 8.880E+001, 9.182E+001, 8.625E+001, 7.099E+001, 6.911E+001, 8.022E+001, 7.750E+001, 5.473E+001, 1.129E+002, 8.414E+001, 7.213E+001, 7.757E+001, 6.594E+001, 8.969E+001, 6.083E+001, 7.046E+001, 6.470E+001, 5.345E+001, 5.736E+001, 6.208E+001, 5.822E+001, 4.881E+001, 2.076E-001, 3.878E-004, 4.022E-009, 1.866E-001, 8.459E-003, 2.533E-005, 4.000E+000
 1.600E+002, 9.162E+001, 6.984E+001, 4.725E+001, 3.528E+001, 3.148E+001, 3.013E+001, 2.989E+001, 2.962E+001, 2.972E+001, 2.236E+001, 7.527E+001, 8.393E+001, 7.028E+001, 4.982E+001, 3.276E+001, 2.786E+001, 2.610E+001, 2.613E+001, 2.660E+001, 2.736E+001, 2.945E+001, 1.898E+002, 2.068E+002, 2.064E+002, 2.192E+002, 2.401E+002, 2.678E+002, 3.002E+002, 3.188E+002, 3.635E+002, 4.176E+002, 1.934E+001, 3.932E+001, 4.402E+001, 3.237E+001, 2.044E+001, 1.916E+001, 1.873E+001, 1.864E+001, 1.863E+001, 1.869E+001, 1.877E+001, 1.181E+002, 1.187E+002, 1.180E+002, 1.181E+002, 1.201E+002, 1.191E+002, 1.145E+002, 9.250E+001, 1.068E+002, 1.172E+002, 8.123E+001, 8.262E+001, 9.573E+001, 1.023E+002, 8.526E+001, 7.269E+001, 9.094E+001, 9.913E+001, 7.937E+001, 6.621E+001, 8.572E+001, 8.700E+001, 6.038E+001, 9.558E+001, 7.860E+001, 7.376E+001, 8.664E+001, 7.265E+001, 1.049E+002, 6.082E+001, 7.368E+001, 7.369E+001, 5.247E+001, 5.684E+001, 6.267E+001, 6.430E+001, 5.570E+001, 2.077E-001, 3.870E-004, 1.196E-009, 1.834E-001, 9.441E-003, 2.842E-005, 4.000E+000
 1.700E+002, 8.668E+001, 6.531E+001, 4.079E+001, 2.944E+001, 2.638E+001, 2.688E+001, 2.743E+001, 2.847E+001, 2.995E+001, 2.296E+001, 7.973E+001, 8.989E+001, 6.784E+001, 3.605E+001, 2.635E+001, 2.507E+001, 2.455E+001, 2.472E+001, 2.537E+001, 2.605E+001, 3.101E+001, 1.841E+002, 1.875E+002, 1.812E+002, 1.805E+002, 1.883E+002, 2.010E+002, 2.252E+002, 2.379E+002, 2.629E+002, 2.942E+002, 1.957E+001, 3.962E+001, 3.927E+001, 2.694E+001, 2.050E+001, 1.900E+001, 1.870E+001, 1.866E+001, 1.866E+001, 1.872E+001, 1.879E+001, 1.251E+002, 1.232E+002, 1.220E+002, 1.208E+002, 1.149E+002, 1.139E+002, 1.113E+002, 8.284E+001, 9.662E+001, 1.085E+002, 7.762E+001, 8.704E+001, 9.709E+001, 1.112E+002, 9.436E+001, 7.741E+001, 9.294E+001, 1.099E+002, 8.771E+001, 6.789E+001, 8.424E+001, 8.913E+001, 7.006E+001, 9.951E+001, 8.507E+001, 7.558E+001, 8.575E+001, 7.907E+001, 1.119E+002, 6.328E+001, 7.644E+001, 7.082E+001, 6.233E+001, 5.935E+001, 6.594E+001, 6.030E+001, 5.788E+001, 2.071E-001, 3.884E-004, 8.835E-009, 1.828E-001, 9.828E-003, 2.963E-005, 4.000E+000
 1.800E+002, 9.628E+001, 7.962E+001, 5.648E+001, 4.215E+001, 3.500E+001, 3.497E+001, 3.534E+001, 3.820E+001, 3.858E+001, 2.355E+001, 7.906E+001, 8.708E+001, 7.053E+001, 4.211E+001, 2.774E+001, 2.438E+001, 2.449E+001, 2.451E+001, 2.512E+001, 2.600E+001, 3.252E+001, 1.574E+002, 1.429E+002, 1.314E+002, 1.240E+002, 1.241E+002, 1.272E+002, 1.374E+002, 1.421E+002, 1.491E+002, 1.578E+002, 1.980E+001, 4.059E+001, 4.394E+001, 2.940E+001, 2.130E+001, 1.924E+001, 1.907E+001, 1.879E+001, 1.878E+001, 1.882E+001, 1.890E+001, 1.303E+002, 1.304E+002, 1.302E+002, 1.281E+002, 1.251E+002, 1.253E+002, 1.214E+002, 8.148E+001, 8.496E+001, 8.985E+001, 7.563E+001, 8.233E+001, 9.580E+001, 1.031E+002, 8.233E+001, 7.274E+001, 9.500E+001, 1.048E+002, 8.646E+001, 6.536E+001, 8.567E+001, 8.884E+001, 7.377E+001, 9.433E+001, 7.943E+001, 7.276E+001, 8.583E+001, 8.063E+001, 9.426E+001, 6.322E+001, 7.618E+001, 7.388E+001, 6.289E+001, 5.959E+001, 6.559E+001, 6.132E+001, 5.884E+001, 2.072E-001, 3.901E-004, 1.328E-008, 1.855E-001, 9.532E-003, 2.869E-005, 4.000E+000
 1.900E+002, 8.288E+001, 6.945E+001, 4.043E+001, 3.282E+001, 3.153E+001, 3.184E+001, 3.262E+001, 3.517E+001, 3.641E+001, 2.413E+001, 7.394E+001, 7.581E+001, 6.103E+001, 4.094E+001, 2.989E+001, 2.510E+001, 2.422E+001, 2.421E+001, 2.456E+001, 2.510E+001, 3.397E+001, 1.444E+002, 1.228E+002, 1.019E+002, 7.708E+001, 6.843E+001, 6.684E+001, 6.790E+001, 6.998E+001, 7.835E+001, 8.839E+001, 2.003E+001, 4.217E+001, 4.762E+001, 3.237E+001, 2.124E+001, 1.916E+001, 1.890E+001, 1.881E+001, 1.882E+001, 1.886E+001, 1.895E+001, 1.087E+002, 1.095E+002, 1.108E+002, 1.105E+002, 1.117E+002, 1.136E+002, 1.131E+002, 8.357E+001, 9.906E+001, 8.480E+001, 6.457E+001, 9.305E+001, 1.023E+002, 7.196E+001, 7.084E+001, 8.373E+001, 9.253E+001, 9.145E+001, 7.568E+001, 6.998E+001, 7.885E+001, 7.620E+001, 6.990E+001, 1.194E+002, 8.680E+001, 7.451E+001, 7.849E+001, 7.479E+001, 7.151E+001, 6.356E+001, 7.340E+001, 7.128E+001, 6.255E+001, 5.807E+001, 6.544E+001, 6.294E+001, 5.498E+001, 2.077E-001, 3.870E-004, 7.722E-010, 1.888E-001, 7.587E-003, 2.260E-005, 4.000E+000
 2.000E+002, 7.642E+001, 5.775E+001, 3.076E+001, 2.713E+001, 2.746E+001, 2.791E+001, 2.871E+001, 3.080E+001, 3.208E+001, 2.469E+001, 7.234E+001, 7.844E+001, 6.643E+001, 4.765E+001, 3.798E+001, 3.365E+001, 2.984E+001, 2.845E+001, 2.503E+001, 2.427E+001, 3.538E+001, 1.570E+002, 1.602E+002, 1.448E+002, 1.329E+002, 1.360E+002, 1.476E+002, 1.597E+002, 1.666E+002, 1.879E+002, 2.235E+002, 2.026E+001, 3.976E+001, 3.914E+001, 2.949E+001, 2.148E+001, 1.903E+001, 1.882E+001, 1.874E+001, 1.874E+001, 1.878E+001, 1.887E+001, 1.020E+002, 1.004E+002, 9.782E+001, 9.734E+001, 9.289E+001, 9.045E+001, 8.868E+001, 9.767E+001, 1.126E+002, 9.560E+001, 7.912E+001, 8.721E+001, 8.444E+001, 8.735E+001, 8.519E+001, 6.764E+001, 6.557E+001, 8.769E+001, 7.759E+001, 5.830E+001, 6.081E+001, 6.294E+001, 6.630E+001, 1.007E+002, 6.862E+001, 5.906E+001, 6.087E+001, 6.840E+001, 9.630E+001, 5.252E+001, 5.688E+001, 5.707E+001, 5.862E+001, 5.082E+001, 5.204E+001, 5.303E+001, 5.282E+001, 2.078E-001, 3.868E-004, 2.036E-017, 1.899E-001, 6.854E-003, 2.030E-005, 4.000E+000
 2.100E+002, 7.162E+001, 5.818E+001, 3.617E+001, 2.497E+001, 2.401E+001, 2.433E+001, 2.464E+001, 2.567E+001, 2.683E+001, 2.523E+001, 7.056E+001, 7.516E+001, 6.682E+001, 5.205E+001, 4.287E+001, 3.622E+001, 3.357E+001, 3.114E+001, 2.521E+001, 2.398E+001, 3.670E+001, 1.530E+002, 1.479E+002, 1.402E+002, 1.348E+002, 1.378E+002, 1.498E+002, 1.679E+002, 1.799E+002, 2.106E+002, 2.484E+002, 2.048E+001, 3.881E+001, 3.544E+001, 2.573E+001, 2.028E+001, 1.900E+001, 1.871E+001, 1.867E+001, 1.870E+001, 1.876E+001, 1.883E+001, 9.043E+001, 8.921E+001, 8.883E+001, 8.808E+001, 8.725E+001, 8.716E+001, 8.629E+001, 8.713E+001, 1.039E+002, 1.003E+002, 8.121E+001, 7.943E+001, 8.476E+001, 8.197E+001, 8.067E+001, 6.729E+001, 6.843E+001, 8.299E+001, 7.596E+001, 5.589E+001, 5.814E+001, 6.649E+001, 6.326E+001, 9.438E+001, 7.302E+001, 5.792E+001, 6.104E+001, 6.565E+001, 9.471E+001, 4.713E+001, 5.174E+001, 5.629E+001, 5.691E+001, 4.328E+001, 4.706E+001, 4.755E+001, 5.058E+001, 2.077E-001, 3.868E-004, 7.187E-011, 1.888E-001, 7.342E-003, 2.183E-005, 4.000E+000
 2.200E+002, 8.170E+001, 6.889E+001, 4.715E+001, 2.724E+001, 2.425E+001, 2.492E+001, 2.535E+001, 2.647E+001, 2.797E+001, 2.575E+001, 7.201E+001, 7.914E+001, 7.255E+001, 5.609E+001, 3.686E+001, 2.686E+001, 2.631E+001, 2.561E+001, 2.431E+001, 2.418E+001, 3.794E+001, 1.633E+002, 1.673E+002, 1.603E+002, 1.611E+002, 1.730E+002, 1.950E+002, 2.271E+002, 2.449E+002, 2.893E+002, 3.444E+002, 2.071E+001, 4.051E+001, 4.249E+001, 2.801E+001, 2.000E+001, 1.905E+001, 1.878E+001, 1.877E+001, 1.876E+001, 1.884E+001, 1.893E+001, 1.001E+002, 1.003E+002, 1.019E+002, 1.036E+002, 1.083E+002, 1.085E+002, 1.057E+002, 9.173E+001, 1.153E+002, 9.465E+001, 7.581E+001, 7.929E+001, 9.445E+001, 8.651E+001, 8.023E+001, 7.448E+001, 8.460E+001, 8.922E+001, 7.519E+001, 6.679E+001, 7.313E+001, 7.630E+001, 6.430E+001, 9.610E+001, 8.369E+001, 7.106E+001, 7.423E+001, 6.733E+001, 8.948E+001, 5.752E+001, 5.930E+001, 6.530E+001, 5.528E+001, 5.018E+001, 5.262E+001, 5.437E+001, 4.989E+001, 2.074E-001, 3.863E-004, 6.038E-010, 1.868E-001, 8.537E-003, 2.557E-005, 4.000E+000
 2.300E+002, 6.401E+001, 5.228E+001, 3.880E+001, 2.916E+001, 2.727E+001, 2.776E+001, 2.795E+001, 2.933E+001, 3.164E+001, 2.625E+001, 7.440E+001, 8.267E+001, 7.139E+001, 5.605E+001, 3.557E+001, 2.551E+001, 2.416E+001, 2.425E+001, 2.455E+001, 2.504E+001, 3.909E+001, 1.733E+002, 1.905E+002, 1.869E+002, 1.909E+002, 2.051E+002, 2.282E+002, 2.597E+002, 2.790E+002, 3.295E+002, 3.924E+002, 2.092E+001, 3.963E+001, 4.105E+001, 2.986E+001, 1.987E+001, 1.896E+001, 1.873E+001, 1.874E+001, 1.875E+001, 1.879E+001, 1.889E+001, 9.948E+001, 9.814E+001, 9.716E+001, 1.001E+002, 1.059E+002, 1.071E+002, 1.052E+002, 9.410E+001, 1.059E+002, 1.032E+002, 8.781E+001, 8.373E+001, 9.428E+001, 9.770E+001, 8.512E+001, 7.118E+001, 8.300E+001, 8.740E+001, 7.945E+001, 5.910E+001, 7.415E+001, 7.472E+001, 6.682E+001, 9.559E+001, 7.700E+001, 6.556E+001, 7.095E+001, 6.946E+001, 9.930E+001, 5.488E+001, 6.126E+001, 6.523E+001, 5.903E+001, 5.014E+001, 5.280E+001, 5.684E+001, 5.329E+001, 2.078E-001, 3.868E-004, 2.277E-013, 1.927E-001, 6.086E-003, 1.788E-005, 4.000E+000
 2.400E+002, 9.131E+001, 7.534E+001, 4.546E+001, 3.170E+001, 2.773E+001, 2.855E+001, 2.879E+001, 2.969E+001, 3.138E+001, 2.672E+001, 7.654E+001, 7.791E+001, 6.219E+001, 3.990E+001, 3.365E+001, 2.832E+001, 2.529E+001, 2.543E+001, 2.612E+001, 2.736E+001, 4.014E+001, 1.753E+002, 1.826E+002, 1.735E+002, 1.704E+002, 1.829E+002, 2.056E+002, 2.387E+002, 2.577E+002, 3.045E+002, 3.607E+002, 2.113E+001, 3.986E+001, 3.964E+001, 2.643E+001, 1.965E+001, 1.881E+001, 1.870E+001, 1.871E+001, 1.871E+001, 1.877E+001, 1.883E+001, 1.138E+002, 1.146E+002, 1.156E+002, 1.144E+002, 1.119E+002, 1.113E+002, 1.097E+002, 8.483E+001, 9.924E+001, 1.129E+002, 9.395E+001, 8.409E+001, 9.325E+001, 1.039E+002, 8.713E+001, 7.662E+001, 9.382E+001, 9.724E+001, 7.812E+001, 6.497E+001, 7.852E+001, 7.486E+001, 6.460E+001, 9.463E+001, 8.157E+001, 7.126E+001, 8.177E+001, 6.738E+001, 1.066E+002, 5.909E+001, 6.301E+001, 6.038E+001, 5.584E+001, 5.055E+001, 5.374E+001, 5.361E+001, 4.866E+001, 2.078E-001, 3.868E-004, 2.139E-017, 1.849E-001, 9.060E-003, 2.722E-005, 4.000E+000
 2.500E+002, 7.854E+001, 6.948E+001, 5.094E+001, 3.707E+001, 2.648E+001, 2.497E+001, 2.477E+001, 2.528E+001, 2.640E+001, 2.717E+001, 7.442E+001, 7.516E+001, 5.737E+001, 3.634E+001, 2.957E+001, 2.463E+001, 2.370E+001, 2.390E+001, 2.451E+001, 2.542E+001, 4.111E+001, 1.553E+002, 1.419E+002, 1.280E+002, 1.158E+002, 1.173E+002, 1.270E+002, 1.416E+002, 1.498E+002, 1.732E+002, 1.942E+002, 2.134E+001, 3.899E+001, 3.746E+001, 2.611E+001, 1.989E+001, 1.876E+001, 1.863E+001, 1.863E+001, 1.864E+001, 1.867E+001, 1.876E+001, 1.037E+002, 1.019E+002, 9.602E+001, 9.355E+001, 9.207E+001, 9.195E+001, 9.080E+001, 8.524E+001, 9.913E+001, 1.115E+002, 8.157E+001, 7.535E+001, 6.730E+001, 8.732E+001, 8.347E+001, 6.334E+001, 8.101E+001, 9.442E+001, 7.705E+001, 6.087E+001, 7.354E+001, 7.701E+001, 6.665E+001, 8.245E+001, 6.763E+001, 6.612E+001, 7.666E+001, 7.090E+001, 1.013E+002, 5.890E+001, 6.282E+001, 6.656E+001, 6.011E+001, 5.345E+001, 5.495E+001, 5.681E+001, 5.294E+001, 2.077E-001, 3.867E-004, 1.964E-010, 1.897E-001, 6.691E-003, 1.979E-005, 4.000E+000
 2.600E+002, 6.228E+001, 5.244E+001, 3.090E+001, 2.491E+001, 2.303E+001, 2.305E+001, 2.318E+001, 2.376E+001, 2.456E+001, 2.758E+001, 7.015E+001, 6.733E+001, 4.769E+001, 3.231E+001, 2.987E+001, 2.938E+001, 2.684E+001, 2.533E+001, 2.328E+001, 2.350E+001, 4.204E+001, 1.418E+002, 1.138E+002, 9.594E+001, 8.633E+001, 8.948E+001, 9.408E+001, 1.055E+002, 1.120E+002, 1.254E+002, 1.394E+002, 2.153E+001, 3.767E+001, 3.471E+001, 2.476E+001, 1.948E+001, 1.871E+001, 1.859E+001, 1.858E+001, 1.859E+001, 1.862E+001, 1.871E+001, 8.113E+001, 7.913E+001, 7.830E+001, 7.780E+001, 7.895E+001, 7.954E+001, 8.074E+001, 8.160E+001, 9.849E+001, 1.012E+002, 8.301E+001, 7.893E+001, 6.646E+001, 6.658E+001, 8.019E+001, 6.178E+001, 7.199E+001, 7.210E+001, 6.613E+001, 5.336E+001, 6.502E+001, 5.832E+001, 5.242E+001, 8.449E+001, 6.582E+001, 6.076E+001, 6.501E+001, 5.548E+001, 9.227E+001, 5.276E+001, 5.800E+001, 5.197E+001, 4.731E+001, 4.817E+001, 4.968E+001, 4.630E+001, 4.231E+001, 2.070E-001, 3.857E-004, 8.845E-010, 1.900E-001, 6.988E-003, 2.072E-005, 4.000E+000
 2.700E+002, 7.170E+001, 5.373E+001, 3.301E+001, 2.413E+001, 2.278E+001, 2.313E+001, 2.342E+001, 2.418E+001, 2.523E+001, 2.798E+001, 7.104E+001, 7.227E+001, 5.649E+001, 4.383E+001, 3.981E+001, 3.266E+001, 2.804E+001, 2.537E+001, 2.345E+001, 2.378E+001, 4.291E+001, 1.510E+002, 1.383E+002, 1.244E+002, 1.157E+002, 1.173E+002, 1.310E+002, 1.493E+002, 1.589E+002, 1.779E+002, 2.069E+002, 2.172E+001, 3.761E+001, 3.512E+001, 2.458E+001, 1.907E+001, 1.872E+001, 1.868E+001, 1.864E+001, 1.863E+001, 1.868E+001, 1.874E+001, 8.590E+001, 8.587E+001, 8.594E+001, 8.781E+001, 8.707E+001, 8.676E+001, 8.920E+001, 7.887E+001, 9.686E+001, 1.123E+002, 8.870E+001, 7.833E+001, 7.397E+001, 7.857E+001, 8.235E+001, 6.719E+001, 7.518E+001, 7.275E+001, 6.520E+001, 5.342E+001, 6.386E+001, 6.307E+001, 5.466E+001, 8.558E+001, 6.920E+001, 5.688E+001, 6.966E+001, 5.784E+001, 9.888E+001, 4.639E+001, 5.752E+001, 5.866E+001, 4.827E+001, 4.346E+001, 5.107E+001, 5.061E+001, 4.464E+001, 2.068E-001, 3.857E-004, 1.907E-009, 1.866E-001, 8.427E-003, 2.523E-005, 4.000E+000
 2.800E+002, 6.806E+001, 5.284E+001, 3.103E+001, 2.426E+001, 2.383E+001, 2.436E+001, 2.481E+001, 2.551E+001, 2.672E+001, 2.836E+001, 6.997E+001, 7.260E+001, 6.383E+001, 4.784E+001, 3.703E+001, 3.111E+001, 2.497E+001, 2.399E+001, 2.388E+001, 2.456E+001, 4.372E+001, 1.567E+002, 1.545E+002, 1.420E+002, 1.356E+002, 1.455E+002, 1.618E+002, 1.803E+002, 1.918E+002, 2.203E+002, 2.648E+002, 2.189E+001, 3.826E+001, 3.655E+001, 2.465E+001, 1.904E+001, 1.877E+001, 1.872E+001, 1.869E+001, 1.869E+001, 1.876E+001, 1.883E+001, 8.812E+001, 8.723E+001, 8.617E+001, 8.596E+001, 8.714E+001, 8.922E+001, 9.188E+001, 8.564E+001, 1.071E+002, 1.115E+002, 8.957E+001, 8.613E+001, 8.253E+001, 7.757E+001, 7.790E+001, 7.279E+001, 7.983E+001, 7.773E+001, 6.691E+001, 5.802E+001, 6.758E+001, 6.285E+001, 5.605E+001, 9.941E+001, 7.475E+001, 6.116E+001, 7.199E+001, 5.554E+001, 9.113E+001, 5.133E+001, 6.065E+001, 5.606E+001, 4.904E+001, 4.734E+001, 5.193E+001, 5.161E+001, 4.498E+001, 2.071E-001, 3.870E-004, 4.747E-009, 1.916E-001, 6.594E-003, 1.948E-005, 4.000E+000
 2.900E+002, 6.496E+001, 5.267E+001, 3.374E+001, 2.505E+001, 2.473E+001, 2.507E+001, 2.533E+001, 2.586E+001, 2.689E+001, 2.871E+001, 7.046E+001, 7.221E+001, 6.199E+001, 4.996E+001, 4.071E+001, 3.218E+001, 2.495E+001, 2.415E+001, 2.402E+001, 2.442E+001, 4.447E+001, 1.605E+002, 1.586E+002, 1.466E+002, 1.391E+002, 1.427E+002, 1.537E+002, 1.672E+002, 1.750E+002, 1.978E+002, 2.347E+002, 2.206E+001, 3.896E+001, 3.985E+001, 2.596E+001, 1.921E+001, 1.879E+001, 1.869E+001, 1.867E+001, 1.868E+001, 1.874E+001, 1.882E+001, 8.737E+001, 8.740E+001, 8.648E+001, 8.848E+001, 8.997E+001, 9.018E+001, 9.218E+001, 8.536E+001, 1.081E+002, 1.237E+002, 9.422E+001, 8.749E+001, 8.885E+001, 7.801E+001, 8.206E+001, 8.022E+001, 8.190E+001, 7.918E+001, 6.411E+001, 6.318E+001, 6.412E+001, 6.074E+001, 4.900E+001, 1.038E+002, 8.001E+001, 6.182E+001, 6.088E+001, 5.223E+001, 9.482E+001, 5.345E+001, 5.573E+001, 4.528E+001, 4.055E+001, 4.774E+001, 4.799E+001, 4.131E+001, 3.804E+001, 2.070E-001, 3.902E-004, 1.502E-008, 1.873E-001, 8.430E-003, 2.523E-005, 4.000E+000
 3.000E+002, 6.185E+001, 5.101E+001, 3.374E+001, 2.488E+001, 2.441E+001, 2.484E+001, 2.500E+001, 2.566E+001, 2.674E+001, 2.904E+001, 7.243E+001, 7.785E+001, 6.241E+001, 4.109E+001, 3.204E+001, 2.637E+001, 2.418E+001, 2.389E+001, 2.403E+001, 2.465E+001, 4.515E+001, 1.562E+002, 1.472E+002, 1.339E+002, 1.271E+002, 1.276E+002, 1.329E+002, 1.424E+002, 1.505E+002, 1.692E+002, 1.984E+002, 2.221E+001, 3.892E+001, 4.044E+001, 2.776E+001, 1.962E+001, 1.872E+001, 1.861E+001, 1.861E+001, 1.862E+001, 1.867E+001, 1.874E+001, 8.833E+001, 8.626E+001, 8.405E+001, 8.691E+001, 8.683E+001, 8.730E+001, 8.900E+001, 8.685E+001, 1.071E+002, 1.178E+002, 9.293E+001, 8.812E+001, 7.826E+001, 7.469E+001, 8.461E+001, 7.523E+001, 8.073E+001, 7.686E+001, 7.149E+001, 6.167E+001, 7.135E+001, 6.209E+001, 5.656E+001, 1.002E+002, 7.716E+001, 6.413E+001, 6.197E+001, 5.777E+001, 1.022E+002, 5.432E+001, 5.999E+001, 4.563E+001, 4.419E+001, 4.896E+001, 5.068E+001, 4.043E+001, 3.781E+001, 2.070E-001, 3.964E-004, 3.440E-008, 1.933E-001, 5.931E-003, 1.740E-005, 4.000E+000
 3.100E+002, 5.385E+001, 4.269E+001, 2.927E+001, 2.528E+001, 2.566E+001, 2.543E+001, 2.560E+001, 2.536E+001, 2.553E+001, 2.934E+001, 6.872E+001, 6.568E+001, 5.053E+001, 3.324E+001, 2.932E+001, 2.485E+001, 2.390E+001, 2.378E+001, 2.403E+001, 2.445E+001, 4.577E+001, 1.441E+002, 1.210E+002, 1.088E+002, 9.751E+001, 9.513E+001, 9.934E+001, 1.100E+002, 1.174E+002, 1.331E+002, 1.522E+002, 2.235E+001, 3.871E+001, 4.021E+001, 2.746E+001, 1.960E+001, 1.873E+001, 1.857E+001, 1.857E+001, 1.857E+001, 1.862E+001, 1.870E+001, 7.983E+001, 7.831E+001, 7.428E+001, 7.405E+001, 7.386E+001, 7.580E+001, 7.965E+001, 8.381E+001, 9.531E+001, 1.064E+002, 8.644E+001, 7.009E+001, 6.926E+001, 6.641E+001, 7.913E+001, 6.972E+001, 7.297E+001, 7.224E+001, 6.558E+001, 5.848E+001, 6.429E+001, 5.262E+001, 5.078E+001, 8.402E+001, 7.104E+001, 6.113E+001, 5.677E+001, 5.182E+001, 8.816E+001, 5.175E+001, 5.451E+001, 3.670E+001, 4.163E+001, 4.700E+001, 4.447E+001, 3.169E+001, 3.589E+001, 2.071E-001, 3.862E-004, 2.319E-009, 1.936E-001, 5.885E-003, 1.725E-005, 4.000E+000
 3.200E+002, 5.667E+001, 4.503E+001, 3.129E+001, 2.571E+001, 2.534E+001, 2.519E+001, 2.533E+001, 2.560E+001, 2.604E+001, 2.962E+001, 6.955E+001, 7.227E+001, 5.836E+001, 4.627E+001, 3.908E+001, 3.144E+001, 2.458E+001, 2.379E+001, 2.369E+001, 2.398E+001, 4.634E+001, 1.430E+002, 1.353E+002, 1.253E+002, 1.131E+002, 1.102E+002, 1.126E+002, 1.224E+002, 1.285E+002, 1.455E+002, 1.658E+002, 2.249E+001, 3.869E+001, 4.025E+001, 2.863E+001, 1.981E+001, 1.888E+001, 1.860E+001, 1.859E+001, 1.861E+001, 1.866E+001, 1.873E+001, 8.502E+001, 8.288E+001, 7.939E+001, 7.940E+001, 8.078E+001, 8.237E+001, 8.471E+001, 8.397E+001, 1.033E+002, 9.965E+001, 8.457E+001, 7.225E+001, 7.378E+001, 8.051E+001, 8.425E+001, 6.983E+001, 7.460E+001, 7.571E+001, 7.172E+001, 5.875E+001, 6.674E+001, 5.173E+001, 5.092E+001, 8.858E+001, 7.598E+001, 6.369E+001, 6.133E+001, 4.883E+001, 9.744E+001, 5.368E+001, 5.639E+001, 3.930E+001, 3.592E+001, 4.712E+001, 4.723E+001, 3.470E+001, 3.255E+001, 2.069E-001, 3.868E-004, 4.999E-009, 1.887E-001, 7.644E-003, 2.277E-005, 4.000E+000
 3.300E+002, 5.697E+001, 4.859E+001, 3.646E+001, 2.724E+001, 2.478E+001, 2.504E+001, 2.509E+001, 2.541E+001, 2.605E+001, 2.988E+001, 6.817E+001, 7.254E+001, 6.513E+001, 5.222E+001, 4.474E+001, 3.553E+001, 2.624E+001, 2.426E+001, 2.355E+001, 2.370E+001, 4.687E+001, 1.463E+002, 1.297E+002, 1.138E+002, 9.773E+001, 9.878E+001, 1.062E+002, 1.190E+002, 1.250E+002, 1.451E+002, 1.728E+002, 2.261E+001, 3.984E+001, 3.998E+001, 2.827E+001, 2.053E+001, 1.888E+001, 1.867E+001, 1.866E+001, 1.869E+001, 1.876E+001, 1.886E+001, 8.808E+001, 8.654E+001, 8.459E+001, 8.387E+001, 8.714E+001, 8.936E+001, 9.138E+001, 8.867E+001, 9.802E+001, 9.152E+001, 8.071E+001, 8.847E+001, 8.527E+001, 7.896E+001, 7.547E+001, 7.932E+001, 7.927E+001, 8.204E+001, 6.849E+001, 6.422E+001, 6.849E+001, 6.695E+001, 5.476E+001, 1.042E+002, 8.156E+001, 6.758E+001, 6.702E+001, 5.559E+001, 8.750E+001, 5.608E+001, 6.065E+001, 4.861E+001, 4.573E+001, 5.002E+001, 5.255E+001, 4.390E+001, 3.944E+001, 2.068E-001, 3.858E-004, 2.447E-009, 1.883E-001, 7.599E-003, 2.263E-005, 4.000E+000
 3.400E+002, 6.559E+001, 5.073E+001, 3.490E+001, 2.789E+001, 2.810E+001, 2.743E+001, 2.703E+001, 2.730E+001, 2.806E+001, 3.013E+001, 7.145E+001, 7.632E+001, 6.536E+001, 4.797E+001, 4.402E+001, 3.590E+001, 2.932E+001, 2.717E+001, 2.535E+001, 2.537E+001, 4.735E+001, 1.755E+002, 1.828E+002, 1.770E+002, 1.839E+002, 2.066E+002, 2.377E+002, 2.768E+002, 2.962E+002, 3.438E+002, 4.047E+002, 2.273E+001, 4.134E+001, 4.339E+001, 2.842E+001, 1.989E+001, 1.884E+001, 1.879E+001, 1.875E+001, 1.876E+001, 1.884E+001, 1.894E+001, 9.727E+001, 9.596E+001, 9.558E+001, 9.587E+001, 9.815E+001, 9.984E+001, 1.032E+002, 8.977E+001, 1.076E+002, 1.097E+002, 8.940E+001, 9.563E+001, 1.020E+002, 8.520E+001, 8.628E+001, 8.832E+001, 9.184E+001, 8.691E+001, 6.977E+001, 6.859E+001, 7.566E+001, 6.909E+001, 5.774E+001, 1.141E+002, 8.914E+001, 6.937E+001, 7.459E+001, 6.250E+001, 1.025E+002, 5.397E+001, 6.191E+001, 5.399E+001, 4.763E+001, 5.041E+001, 5.277E+001, 4.029E+001, 3.692E+001, 2.068E-001, 3.873E-004, 7.215E-009, 1.888E-001, 7.900E-003, 2.357E-005, 4.000E+000
 3.500E+002, 7.261E+001, 5.771E+001, 4.149E+001, 2.717E+001, 2.596E+001, 2.634E+001, 2.651E+001, 2.734E+001, 2.879E+001, 3.035E+001, 7.212E+001, 6.970E+001, 5.472E+001, 3.509E+001, 3.198E+001, 2.896E+001, 2.755E+001, 2.748E+001, 2.766E+001, 2.815E+001, 4.778E+001, 1.750E+002, 1.837E+002, 1.797E+002, 1.866E+002, 2.038E+002, 2.250E+002, 2.521E+002, 2.678E+002, 3.032E+002, 3.469E+002, 2.284E+001, 4.110E+001, 4.164E+001, 2.806E+001, 2.000E+001, 1.906E+001, 1.879E+001, 1.878E+001, 1.879E+001, 1.883E+001, 1.892E+001, 1.022E+002, 1.015E+002, 1.013E+002, 1.020E+002, 1.025E+002, 1.036E+002, 1.083E+002, 9.207E+001, 1.028E+002, 1.223E+002, 9.143E+001, 9.477E+001, 9.993E+001, 8.531E+001, 8.121E+001, 8.569E+001, 9.572E+001, 8.662E+001, 6.458E+001, 6.526E+001, 7.144E+001, 7.584E+001, 5.894E+001, 1.133E+002, 9.093E+001, 6.872E+001, 7.640E+001, 6.395E+001, 1.012E+002, 5.555E+001, 6.123E+001, 5.890E+001, 5.360E+001, 5.095E+001, 5.439E+001, 4.891E+001, 4.471E+001, 2.070E-001, 3.877E-004, 7.082E-009, 1.904E-001, 7.308E-003, 2.171E-005, 4.000E+000
 3.600E+002, 7.810E+001, 6.026E+001, 3.764E+001, 2.752E+001, 2.747E+001, 2.836E+001, 2.908E+001, 3.067E+001, 3.306E+001, 3.055E+001, 7.643E+001, 7.945E+001, 6.426E+001, 3.786E+001, 3.021E+001, 2.758E+001, 2.819E+001, 2.853E+001, 2.918E+001, 2.969E+001, 4.818E+001, 1.720E+002, 1.698E+002, 1.625E+002, 1.603E+002, 1.680E+002, 1.803E+002, 1.982E+002, 2.087E+002, 2.321E+002, 2.632E+002, 2.295E+001, 4.122E+001, 4.188E+001, 2.869E+001, 2.011E+001, 1.926E+001, 1.883E+001, 1.880E+001, 1.882E+001, 1.889E+001, 1.887E+001, 1.048E+002, 1.042E+002, 1.038E+002, 1.066E+002, 1.056E+002, 1.064E+002, 1.069E+002, 9.505E+001, 1.009E+002, 9.919E+001, 8.842E+001, 9.177E+001, 9.684E+001, 9.551E+001, 9.096E+001, 7.953E+001, 9.144E+001, 8.611E+001, 7.531E+001, 6.568E+001, 6.737E+001, 7.045E+001, 5.529E+001, 9.909E+001, 8.420E+001, 6.880E+001, 6.921E+001, 5.976E+001, 1.050E+002, 5.616E+001, 4.792E+001, 5.736E+001, 5.003E+001, 4.722E+001, 4.504E+001, 4.723E+001, 4.360E+001, 2.077E-001, 3.870E-004, 1.104E-009, 1.885E-001, 8.462E-003, 2.533E-005, 4.000E+000
 3.700E+002, 7.364E+001, 6.072E+001, 3.468E+001, 2.779E+001, 2.893E+001, 3.070E+001, 3.158E+001, 3.330E+001, 3.604E+001, 3.074E+001, 8.051E+001, 8.447E+001, 6.733E+001, 3.344E+001, 2.557E+001, 2.538E+001, 2.607E+001, 2.630E+001, 2.661E+001, 2.703E+001, 4.856E+001, 1.786E+002, 1.738E+002, 1.640E+002, 1.624E+002, 1.690E+002, 1.840E+002, 2.069E+002, 2.218E+002, 2.606E+002, 3.035E+002, 2.306E+001, 4.064E+001, 3.571E+001, 2.504E+001, 1.989E+001, 1.942E+001, 1.913E+001, 1.891E+001, 1.888E+001, 1.890E+001, 1.890E+001, 1.115E+002, 1.102E+002, 1.083E+002, 1.092E+002, 1.093E+002, 1.117E+002, 1.124E+002, 9.785E+001, 9.751E+001, 1.036E+002, 9.440E+001, 9.324E+001, 9.701E+001, 1.065E+002, 9.418E+001, 7.578E+001, 9.216E+001, 9.661E+001, 8.063E+001, 6.253E+001, 6.745E+001, 7.230E+001, 6.535E+001, 9.717E+001, 8.137E+001, 6.326E+001, 7.468E+001, 6.998E+001, 1.050E+002, 5.342E+001, 5.993E+001, 6.142E+001, 5.571E+001, 4.637E+001, 5.205E+001, 5.239E+001, 5.030E+001, 2.075E-001, 3.872E-004, 2.925E-009, 1.912E-001, 6.984E-003, 2.070E-005, 4.000E+000
 3.800E+002, 8.227E+001, 6.538E+001, 3.366E+001, 2.744E+001, 2.819E+001, 2.953E+001, 3.015E+001, 3.179E+001, 3.433E+001, 3.093E+001, 8.103E+001, 8.216E+001, 6.322E+001, 3.497E+001, 2.451E+001, 2.455E+001, 2.493E+001, 2.504E+001, 2.537E+001, 2.605E+001, 4.895E+001, 1.889E+002, 1.879E+002, 1.756E+002, 1.720E+002, 1.845E+002, 2.087E+002, 2.382E+002, 2.553E+002, 3.003E+002, 3.520E+002, 2.316E+001, 4.062E+001, 3.723E+001, 2.528E+001, 1.973E+001, 1.927E+001, 1.891E+001, 1.883E+001, 1.880E+001, 1.882E+001, 1.888E+001, 1.099E+002, 1.113E+002, 1.137E+002, 1.156E+002, 1.174E+002, 1.180E+002, 1.207E+002, 9.077E+001, 1.021E+002, 1.139E+002, 9.163E+001, 9.120E+001, 1.085E+002, 9.901E+001, 9.071E+001, 7.934E+001, 9.954E+001, 9.611E+001, 7.908E+001, 6.160E+001, 7.958E+001, 7.895E+001, 6.825E+001, 1.072E+002, 8.145E+001, 6.920E+001, 7.277E+001, 7.084E+001, 1.064E+002, 5.513E+001, 6.130E+001, 6.251E+001, 5.725E+001, 4.685E+001, 5.351E+001, 5.389E+001, 5.139E+001, 2.078E-001, 3.868E-004, 7.399E-011, 1.873E-001, 8.443E-003, 2.528E-005, 4.000E+000
 3.900E+002, 8.048E+001, 6.003E+001, 3.387E+001, 2.630E+001, 2.668E+001, 2.766E+001, 2.834E+001, 2.975E+001, 3.108E+001, 3.111E+001, 7.985E+001, 8.744E+001, 7.127E+001, 3.320E+001, 2.397E+001, 2.395E+001, 2.435E+001, 2.455E+001, 2.514E+001, 2.608E+001, 4.934E+001, 1.770E+002, 1.683E+002, 1.573E+002, 1.531E+002, 1.598E+002, 1.799E+002, 2.049E+002, 2.196E+002, 2.556E+002, 3.022E+002, 2.326E+001, 4.025E+001, 3.543E+001, 2.491E+001, 1.973E+001, 1.923E+001, 1.893E+001, 1.882E+001, 1.880E+001, 1.882E+001, 1.888E+001, 1.121E+002, 1.123E+002, 1.107E+002, 1.104E+002, 1.101E+002, 1.084E+002, 1.055E+002, 9.968E+001, 1.108E+002, 1.022E+002, 8.403E+001, 9.151E+001, 9.922E+001, 9.474E+001, 8.841E+001, 7.250E+001, 7.872E+001, 9.774E+001, 8.131E+001, 5.695E+001, 6.558E+001, 7.931E+001, 7.090E+001, 1.086E+002, 7.743E+001, 6.011E+001, 7.912E+001, 7.758E+001, 1.029E+002, 5.286E+001, 6.006E+001, 6.651E+001, 6.505E+001, 4.966E+001, 5.376E+001, 5.775E+001, 5.550E+001, 2.078E-001, 3.868E-004, 3.796E-016, 1.875E-001, 8.380E-003, 2.508E-005, 4.000E+000
 4.000E+002, 7.648E+001, 6.065E+001, 3.428E+001, 2.602E+001, 2.584E+001, 2.670E+001, 2.701E+001, 2.766E+001, 2.864E+001, 3.129E+001, 7.688E+001, 8.421E+001, 7.338E+001, 4.601E+001, 3.227E+001, 2.701E+001, 2.512E+001, 2.499E+001, 2.541E+001, 2.612E+001, 4.975E+001, 1.665E+002, 1.461E+002, 1.364E+002, 1.228E+002, 1.255E+002, 1.335E+002, 1.415E+002, 1.476E+002, 1.660E+002, 1.889E+002, 2.336E+001, 4.042E+001, 3.625E+001, 2.533E+001, 1.990E+001, 1.944E+001, 1.907E+001, 1.895E+001, 1.895E+001, 1.895E+001, 1.897E+001, 9.741E+001, 9.605E+001, 9.735E+001, 1.011E+002, 1.042E+002, 1.031E+002, 1.022E+002, 1.012E+002, 1.037E+002, 9.983E+001, 8.145E+001, 9.765E+001, 9.534E+001, 8.190E+001, 8.231E+001, 7.877E+001, 8.368E+001, 8.525E+001, 7.621E+001, 5.782E+001, 7.110E+001, 7.328E+001, 6.339E+001, 1.111E+002, 7.893E+001, 5.757E+001, 7.693E+001, 6.981E+001, 9.787E+001, 4.638E+001, 6.314E+001, 6.614E+001, 5.965E+001, 4.373E+001, 5.562E+001, 5.901E+001, 5.449E+001, 2.078E-001, 3.868E-004, 3.076E-014, 1.893E-001, 7.355E-003, 2.187E-005, 4.000E+000
 4.100E+002, 7.828E+001, 6.617E+001, 3.474E+001, 2.489E+001, 2.507E+001, 2.610E+001, 2.649E+001, 2.721E+001, 2.838E+001, 3.147E+001, 7.576E+001, 8.178E+001, 7.333E+001, 5.515E+001, 4.399E+001, 3.534E+001, 3.010E+001, 2.854E+001, 2.554E+001, 2.524E+001, 5.018E+001, 1.655E+002, 1.490E+002, 1.453E+002, 1.435E+002, 1.538E+002, 1.691E+002, 1.902E+002, 2.048E+002, 2.380E+002, 2.786E+002, 2.346E+001, 4.090E+001, 3.826E+001, 2.617E+001, 2.006E+001, 1.966E+001, 1.926E+001, 1.902E+001, 1.899E+001, 1.892E+001, 1.896E+001, 9.787E+001, 9.659E+001, 9.561E+001, 9.751E+001, 9.923E+001, 9.815E+001, 9.708E+001, 8.723E+001, 9.602E+001, 9.455E+001, 7.681E+001, 9.168E+001, 8.981E+001, 8.119E+001, 7.337E+001, 7.704E+001, 8.132E+001, 8.339E+001, 7.572E+001, 6.269E+001, 6.694E+001, 7.287E+001, 5.798E+001, 1.091E+002, 8.008E+001, 6.437E+001, 7.316E+001, 6.862E+001, 9.012E+001, 5.161E+001, 5.917E+001, 6.539E+001, 5.592E+001, 4.588E+001, 5.160E+001, 5.590E+001, 5.136E+001, 2.078E-001, 3.868E-004, 8.373E-015, 1.861E-001, 8.895E-003, 2.670E-005, 4.000E+000
 4.200E+002, 8.012E+001, 6.201E+001, 3.745E+001, 2.787E+001, 2.591E+001, 2.588E+001, 2.606E+001, 2.692E+001, 2.832E+001, 3.167E+001, 7.859E+001, 7.865E+001, 5.926E+001, 3.578E+001, 3.066E+001, 2.796E+001, 2.638E+001, 2.629E+001, 2.613E+001, 2.692E+001, 5.061E+001, 1.813E+002, 1.808E+002, 1.782E+002, 1.802E+002, 1.900E+002, 2.069E+002, 2.333E+002, 2.479E+002, 2.871E+002, 3.362E+002, 2.355E+001, 4.015E+001, 3.716E+001, 2.606E+001, 2.013E+001, 1.981E+001, 1.947E+001, 1.908E+001, 1.897E+001, 1.885E+001, 1.885E+001, 9.959E+001, 9.911E+001, 1.007E+002, 1.032E+002, 1.045E+002, 1.051E+002, 1.080E+002, 8.263E+001, 9.568E+001, 1.178E+002, 8.908E+001, 8.964E+001, 9.166E+001, 9.578E+001, 7.982E+001, 7.763E+001, 9.220E+001, 8.668E+001, 7.513E+001, 6.238E+001, 8.122E+001, 7.733E+001, 6.592E+001, 1.039E+002, 8.481E+001, 6.610E+001, 7.896E+001, 6.821E+001, 1.011E+002, 5.114E+001, 6.743E+001, 7.054E+001, 5.838E+001, 4.710E+001, 5.597E+001, 6.096E+001, 5.534E+001, 2.078E-001, 3.868E-004, 2.867E-017, 1.875E-001, 8.345E-003, 2.497E-005, 4.000E+000
 4.300E+002, 7.548E+001, 6.415E+001, 3.988E+001, 3.184E+001, 2.829E+001, 2.653E+001, 2.606E+001, 2.625E+001, 2.688E+001, 3.186E+001, 7.547E+001, 6.249E+001, 4.164E+001, 2.592E+001, 2.445E+001, 2.441E+001, 2.464E+001, 2.502E+001, 2.553E+001, 2.604E+001, 5.104E+001, 1.592E+002, 1.409E+002, 1.284E+002, 1.179E+002, 1.182E+002, 1.267E+002, 1.395E+002, 1.484E+002, 1.683E+002, 1.933E+002, 2.365E+001, 3.938E+001, 3.658E+001, 2.610E+001, 2.023E+001, 1.991E+001, 1.948E+001, 1.896E+001, 1.876E+001, 1.875E+001, 1.879E+001, 7.105E+001, 7.013E+001, 6.989E+001, 7.081E+001, 7.493E+001, 7.304E+001, 7.458E+001, 7.345E+001, 9.545E+001, 1.088E+002, 7.764E+001, 8.468E+001, 7.736E+001, 8.382E+001, 6.853E+001, 7.701E+001, 7.597E+001, 7.746E+001, 6.276E+001, 5.826E+001, 7.467E+001, 6.812E+001, 6.185E+001, 9.938E+001, 7.658E+001, 6.669E+001, 7.033E+001, 6.376E+001, 9.112E+001, 5.611E+001, 6.557E+001, 6.187E+001, 5.205E+001, 5.458E+001, 5.848E+001, 5.743E+001, 4.865E+001, 2.078E-001, 3.868E-004, 2.854E-018, 1.919E-001, 6.185E-003, 1.820E-005, 4.000E+000
 4.400E+002, 7.031E+001, 5.941E+001, 3.404E+001, 2.607E+001, 2.533E+001, 2.483E+001, 2.483E+001, 2.554E+001, 2.667E+001, 3.205E+001, 7.800E+001, 7.322E+001, 5.385E+001, 3.681E+001, 2.945E+001, 2.573E+001, 2.433E+001, 2.404E+001, 2.412E+001, 2.462E+001, 5.146E+001, 1.704E+002, 1.582E+002, 1.471E+002, 1.449E+002, 1.541E+002, 1.725E+002, 1.934E+002, 2.057E+002, 2.360E+002, 2.766E+002, 2.373E+001, 3.993E+001, 3.748E+001, 2.521E+001, 2.001E+001, 1.930E+001, 1.883E+001, 1.867E+001, 1.862E+001, 1.864E+001, 1.870E+001, 4.869E+001, 4.910E+001, 5.503E+001, 5.583E+001, 5.731E+001, 5.581E+001, 5.336E+001, 8.489E+001, 1.049E+002, 1.145E+002, 8.246E+001, 8.040E+001, 7.427E+001, 8.887E+001, 8.966E+001, 7.142E+001, 6.637E+001, 6.984E+001, 7.690E+001, 5.797E+001, 6.012E+001, 5.825E+001, 6.335E+001, 9.483E+001, 6.910E+001, 5.998E+001, 5.828E+001, 5.975E+001, 1.062E+002, 5.341E+001, 5.470E+001, 5.205E+001, 5.090E+001, 4.905E+001, 4.945E+001, 4.758E+001, 4.648E+001, 2.076E-001, 3.869E-004, 9.618E-010, 1.904E-001, 7.101E-003, 2.107E-005, 4.000E+000
 4.500E+002, 8.829E+001, 7.152E+001, 4.567E+001, 3.256E+001, 2.732E+001, 2.554E+001, 2.590E+001, 2.738E+001, 2.895E+001, 3.223E+001, 7.962E+001, 8.182E+001, 6.719E+001, 4.644E+001, 3.747E+001, 2.900E+001, 2.562E+001, 2.494E+001, 2.460E+001, 2.510E+001, 5.185E+001, 1.903E+002, 1.936E+002, 1.865E+002, 1.904E+002, 2.088E+002, 2.434E+002, 2.880E+002, 3.120E+002, 3.676E+002, 4.332E+002, 2.382E+001, 4.070E+001, 3.968E+001, 2.733E+001, 1.974E+001, 1.891E+001, 1.870E+001, 1.867E+001, 1.867E+001, 1.872E+001, 1.881E+001, 5.555E+001, 5.583E+001, 6.372E+001, 6.655E+001, 6.575E+001, 6.460E+001, 6.266E+001, 8.539E+001, 1.002E+002, 1.133E+002, 7.774E+001, 8.840E+001, 9.530E+001, 1.041E+002, 8.597E+001, 7.822E+001, 7.612E+001, 8.170E+001, 8.069E+001, 6.215E+001, 6.176E+001, 6.627E+001, 6.259E+001, 1.046E+002, 8.260E+001, 6.225E+001, 6.165E+001, 6.317E+001, 1.086E+002, 5.356E+001, 5.684E+001, 5.645E+001, 5.096E+001, 4.855E+001, 5.087E+001, 4.996E+001, 4.595E+001, 2.074E-001, 3.862E-004, 3.189E-010, 1.879E-001, 8.492E-003, 2.542E-005, 4.000E+000
 4.600E+002, 7.490E+001, 6.704E+001, 3.576E+001, 2.752E+001, 2.621E+001, 2.586E+001, 2.617E+001, 2.743E+001, 2.890E+001, 3.241E+001, 7.773E+001, 8.232E+001, 6.892E+001, 4.424E+001, 3.255E+001, 2.643E+001, 2.400E+001, 2.409E+001, 2.439E+001, 2.496E+001, 5.223E+001, 1.959E+002, 1.982E+002, 1.925E+002, 1.913E+002, 2.024E+002, 2.196E+002, 2.455E+002, 2.607E+002, 2.990E+002, 3.464E+002, 2.389E+001, 4.130E+001, 4.190E+001, 2.928E+001, 1.991E+001, 1.908E+001, 1.892E+001, 1.881E+001, 1.875E+001, 1.879E+001, 1.887E+001, 5.630E+001, 5.643E+001, 6.457E+001, 6.285E+001, 6.012E+001, 5.909E+001, 5.713E+001, 9.994E+001, 1.223E+002, 1.163E+002, 8.933E+001, 9.108E+001, 8.833E+001, 9.252E+001, 9.190E+001, 7.839E+001, 7.184E+001, 6.974E+001, 7.895E+001, 6.444E+001, 5.362E+001, 4.776E+001, 5.976E+001, 1.104E+002, 8.255E+001, 6.030E+001, 4.630E+001, 5.764E+001, 1.100E+002, 5.118E+001, 5.087E+001, 4.696E+001, 5.075E+001, 4.752E+001, 4.707E+001, 4.445E+001, 4.569E+001, 2.069E-001, 3.853E-004, 2.257E-010, 1.919E-001, 6.455E-003, 1.904E-005, 4.000E+000
 4.700E+002, 6.768E+001, 5.872E+001, 2.763E+001, 2.408E+001, 2.413E+001, 2.455E+001, 2.504E+001, 2.633E+001, 2.804E+001, 3.258E+001, 7.487E+001, 7.918E+001, 6.968E+001, 5.231E+001, 4.171E+001, 3.311E+001, 2.711E+001, 2.530E+001, 2.390E+001, 2.404E+001, 5.259E+001, 1.686E+002, 1.493E+002, 1.377E+002, 1.276E+002, 1.257E+002, 1.312E+002, 1.413E+002, 1.495E+002, 1.697E+002, 1.972E+002, 2.397E+001, 4.180E+001, 4.132E+001, 2.865E+001, 2.033E+001, 1.965E+001, 1.902E+001, 1.884E+001, 1.878E+001, 1.881E+001, 1.892E+001, 5.134E+001, 5.148E+001, 5.357E+001, 5.279E+001, 5.971E+001, 5.864E+001, 5.125E+001, 9.957E+001, 1.082E+002, 9.093E+001, 8.075E+001, 9.305E+001, 9.135E+001, 8.092E+001, 7.631E+001, 7.880E+001, 7.462E+001, 6.365E+001, 7.419E+001, 6.260E+001, 5.864E+001, 5.199E+001, 5.641E+001, 1.060E+002, 7.953E+001, 6.001E+001, 5.246E+001, 5.296E+001, 9.037E+001, 5.366E+001, 4.957E+001, 4.481E+001, 4.617E+001, 4.603E+001, 4.378E+001, 3.903E+001, 3.996E+001, 2.076E-001, 3.865E-004, 5.435E-011, 1.914E-001, 6.759E-003, 1.999E-005, 4.000E+000
 4.800E+002, 8.797E+001, 6.223E+001, 2.929E+001, 2.597E+001, 2.552E+001, 2.567E+001, 2.590E+001, 2.708E+001, 2.836E+001, 3.275E+001, 7.702E+001, 8.507E+001, 7.432E+001, 5.017E+001, 3.721E+001, 3.190E+001, 2.800E+001, 2.651E+001, 2.465E+001, 2.423E+001, 5.294E+001, 1.824E+002, 1.765E+002, 1.659E+002, 1.613E+002, 1.723E+002, 1.929E+002, 2.197E+002, 2.373E+002, 2.788E+002, 3.295E+002, 2.404E+001, 4.156E+001, 4.195E+001, 2.831E+001, 2.029E+001, 1.965E+001, 1.891E+001, 1.875E+001, 1.876E+001, 1.881E+001, 1.889E+001, 6.161E+001, 5.837E+001, 5.898E+001, 5.693E+001, 5.632E+001, 5.410E+001, 4.335E+001, 9.626E+001, 1.235E+002, 9.095E+001, 7.674E+001, 9.254E+001, 9.822E+001, 9.600E+001, 7.884E+001, 7.385E+001, 7.537E+001, 7.297E+001, 8.206E+001, 5.946E+001, 5.968E+001, 6.049E+001, 6.305E+001, 1.044E+002, 7.916E+001, 5.896E+001, 5.626E+001, 5.752E+001, 1.013E+002, 4.945E+001, 5.053E+001, 5.415E+001, 5.081E+001, 4.396E+001, 4.443E+001, 4.820E+001, 4.795E+001, 2.078E-001, 3.868E-004, 2.242E-011, 1.903E-001, 7.154E-003, 2.123E-005, 4.000E+000
 4.900E+002, 8.858E+001, 6.475E+001, 3.387E+001, 2.738E+001, 2.626E+001, 2.705E+001, 2.768E+001, 2.821E+001, 2.856E+001, 3.291E+001, 7.651E+001, 8.087E+001, 6.625E+001, 4.589E+001, 4.024E+001, 3.178E+001, 2.771E+001, 2.666E+001, 2.530E+001, 2.465E+001, 5.330E+001, 1.828E+002, 1.722E+002, 1.638E+002, 1.661E+002, 1.810E+002, 2.054E+002, 2.364E+002, 2.524E+002, 2.924E+002, 3.480E+002, 2.411E+001, 4.176E+001, 4.116E+001, 2.901E+001, 2.001E+001, 1.940E+001, 1.906E+001, 1.884E+001, 1.878E+001, 1.881E+001, 1.886E+001, 5.761E+001, 5.606E+001, 5.907E+001, 5.857E+001, 5.436E+001, 4.991E+001, 4.311E+001, 9.985E+001, 1.125E+002, 1.063E+002, 7.753E+001, 9.108E+001, 9.461E+001, 8.587E+001, 8.438E+001, 7.606E+001, 7.167E+001, 6.843E+001, 7.962E+001, 6.109E+001, 5.520E+001, 5.740E+001, 6.280E+001, 1.070E+002, 8.271E+001, 5.581E+001, 5.312E+001, 5.762E+001, 1.035E+002, 4.937E+001, 4.608E+001, 5.008E+001, 5.010E+001, 4.163E+001, 4.288E+001, 4.484E+001, 4.417E+001, 2.078E-001, 3.868E-004, 3.643E-011, 1.906E-001, 6.955E-003, 2.061E-005, 4.000E+000
 5.000E+002, 8.859E+001, 7.218E+001, 3.449E+001, 2.602E+001, 2.529E+001, 2.580E+001, 2.627E+001, 2.717E+001, 2.819E+001, 3.306E+001, 7.576E+001, 7.778E+001, 6.598E+001, 4.735E+001, 3.315E+001, 2.812E+001, 2.499E+001, 2.445E+001, 2.432E+001, 2.446E+001, 5.365E+001, 1.834E+002, 1.721E+002, 1.650E+002, 1.642E+002, 1.755E+002, 2.004E+002, 2.289E+002, 2.436E+002, 2.798E+002, 3.307E+002, 2.417E+001, 4.063E+001, 3.793E+001, 2.846E+001, 2.041E+001, 1.987E+001, 1.957E+001, 1.915E+001, 1.892E+001, 1.884E+001, 1.887E+001, 5.804E+001, 5.451E+001, 5.895E+001, 5.997E+001, 5.884E+001, 5.588E+001, 5.079E+001, 9.106E+001, 1.151E+002, 1.129E+002, 8.107E+001, 8.918E+001, 8.612E+001, 9.061E+001, 7.844E+001, 7.531E+001, 7.701E+001, 6.944E+001, 7.353E+001, 5.624E+001, 6.323E+001, 5.737E+001, 6.419E+001, 1.059E+002, 8.157E+001, 5.752E+001, 5.841E+001, 6.027E+001, 9.847E+001, 4.647E+001, 5.357E+001, 5.160E+001, 5.418E+001, 4.317E+001, 4.580E+001, 4.548E+001, 4.715E+001, 2.078E-001, 3.868E-004, 8.239E-011, 1.911E-001, 6.782E-003, 2.007E-005, 4.000E+000
 5.100E+002, 6.488E+001, 5.990E+001, 3.262E+001, 2.420E+001, 2.411E+001, 2.438E+001, 2.465E+001, 2.531E+001, 2.617E+001, 3.321E+001, 7.449E+001, 7.304E+001, 6.079E+001, 4.582E+001, 3.586E+001, 3.068E+001, 2.610E+001, 2.497E+001, 2.417E+001, 2.417E+001, 5.400E+001, 1.865E+002, 1.721E+002, 1.593E+002, 1.543E+002, 1.634E+002, 1.816E+002, 2.075E+002, 2.218E+002, 2.543E+002, 2.934E+002, 2.424E+001, 4.031E+001, 3.674E+001, 2.648E+001, 1.989E+001, 1.921E+001, 1.896E+001, 1.874E+001, 1.870E+001, 1.869E+001, 1.876E+001, 5.515E+001, 5.345E+001, 5.884E+001, 5.933E+001, 5.410E+001, 5.232E+001, 4.852E+001, 9.409E+001, 1.302E+002, 1.169E+002, 9.271E+001, 8.691E+001, 8.418E+001, 8.259E+001, 7.958E+001, 7.336E+001, 6.979E+001, 6.614E+001, 7.175E+001, 5.854E+001, 5.620E+001, 5.761E+001, 6.011E+001, 1.003E+002, 7.851E+001, 5.635E+001, 5.642E+001, 5.849E+001, 1.016E+002, 4.478E+001, 5.021E+001, 5.312E+001, 5.196E+001, 4.184E+001, 4.623E+001, 4.704E+001, 4.614E+001, 2.077E-001, 3.867E-004, 1.742E-010, 1.923E-001, 6.318E-003, 1.861E-005, 4.000E+000
 5.200E+002, 6.459E+001, 5.902E+001, 3.456E+001, 2.349E+001, 2.332E+001, 2.366E+001, 2.392E+001, 2.448E+001, 2.535E+001, 3.334E+001, 7.256E+001, 7.584E+001, 6.450E+001, 4.846E+001, 3.560E+001, 3.107E+001, 2.729E+001, 2.635E+001, 2.545E+001, 2.475E+001, 5.434E+001, 1.640E+002, 1.416E+002, 1.294E+002, 1.156E+002, 1.149E+002, 1.198E+002, 1.254E+002, 1.304E+002, 1.428E+002, 1.650E+002, 2.430E+001, 4.064E+001, 3.686E+001, 2.482E+001, 1.978E+001, 1.917E+001, 1.882E+001, 1.876E+001, 1.872E+001, 1.871E+001, 1.881E+001, 5.517E+001, 5.170E+001, 5.689E+001, 5.630E+001, 5.451E+001, 5.111E+001, 4.703E+001, 9.574E+001, 1.178E+002, 9.466E+001, 8.284E+001, 9.042E+001, 8.131E+001, 8.304E+001, 7.796E+001, 7.433E+001, 6.974E+001, 6.531E+001, 7.232E+001, 6.139E+001, 5.786E+001, 5.897E+001, 5.749E+001, 1.009E+002, 7.583E+001, 5.948E+001, 5.795E+001, 5.682E+001, 9.500E+001, 4.573E+001, 5.145E+001, 5.334E+001, 4.873E+001, 4.226E+001, 4.707E+001, 4.707E+001, 4.491E+001, 2.071E-001, 3.869E-004, 4.508E-009, 1.920E-001, 5.947E-003, 1.745E-005, 4.000E+000
 5.300E+002, 6.775E+001, 5.610E+001, 3.516E+001, 2.486E+001, 2.304E+001, 2.333E+001, 2.355E+001, 2.408E+001, 2.481E+001, 3.346E+001, 6.913E+001, 6.879E+001, 6.247E+001, 5.057E+001, 3.984E+001, 3.480E+001, 2.961E+001, 2.652E+001, 2.387E+001, 2.402E+001, 5.467E+001, 1.530E+002, 1.230E+002, 1.073E+002, 9.363E+001, 9.429E+001, 1.002E+002, 1.063E+002, 1.107E+002, 1.184E+002, 1.317E+002, 2.437E+001, 4.110E+001, 3.863E+001, 2.639E+001, 2.015E+001, 1.932E+001, 1.876E+001, 1.886E+001, 1.883E+001, 1.883E+001, 1.888E+001, 5.091E+001, 4.725E+001, 5.019E+001, 4.877E+001, 4.738E+001, 4.519E+001, 3.917E+001, 9.293E+001, 1.038E+002, 9.453E+001, 7.638E+001, 8.465E+001, 7.521E+001, 7.603E+001, 7.588E+001, 7.620E+001, 6.767E+001, 6.125E+001, 6.614E+001, 6.143E+001, 5.833E+001, 5.282E+001, 5.223E+001, 9.581E+001, 7.632E+001, 6.133E+001, 5.368E+001, 5.325E+001, 8.434E+001, 5.137E+001, 5.160E+001, 4.991E+001, 4.785E+001, 4.513E+001, 4.766E+001, 4.693E+001, 4.425E+001, 2.066E-001, 4.256E-004, 1.279E-007, 1.912E-001, 6.335E-003, 1.867E-005, 4.000E+000
 5.400E+002, 7.302E+001, 6.041E+001, 3.032E+001, 2.437E+001, 2.384E+001, 2.432E+001, 2.458E+001, 2.527E+001, 2.610E+001, 3.358E+001, 7.252E+001, 7.844E+001, 6.828E+001, 4.862E+001, 3.569E+001, 3.153E+001, 2.907E+001, 2.848E+001, 2.604E+001, 2.408E+001, 5.499E+001, 1.764E+002, 1.677E+002, 1.559E+002, 1.452E+002, 1.480E+002, 1.586E+002, 1.753E+002, 1.860E+002, 2.134E+002, 2.488E+002, 2.443E+001, 3.993E+001, 3.579E+001, 2.604E+001, 1.991E+001, 1.934E+001, 1.884E+001, 1.880E+001, 1.882E+001, 1.886E+001, 1.889E+001, 5.388E+001, 4.996E+001, 5.219E+001, 5.140E+001, 5.267E+001, 4.933E+001, 3.969E+001, 9.607E+001, 1.198E+002, 1.055E+002, 8.658E+001, 8.646E+001, 8.440E+001, 8.646E+001, 8.533E+001, 7.056E+001, 6.781E+001, 6.473E+001, 7.425E+001, 5.143E+001, 5.768E+001, 5.542E+001, 5.625E+001, 9.838E+001, 7.320E+001, 5.419E+001, 5.611E+001, 5.694E+001, 9.944E+001, 4.576E+001, 5.083E+001, 5.086E+001, 4.934E+001, 4.228E+001, 4.600E+001, 4.590E+001, 4.468E+001, 2.066E-001, 4.125E-004, 8.734E-008, 1.910E-001, 6.623E-003, 1.957E-005, 4.000E+000
 5.500E+002, 8.930E+001, 6.704E+001, 3.505E+001, 2.789E+001, 2.765E+001, 2.809E+001, 2.849E+001, 2.938E+001, 3.042E+001, 3.368E+001, 7.980E+001, 8.821E+001, 7.407E+001, 4.993E+001, 3.658E+001, 3.112E+001, 2.696E+001, 2.661E+001, 2.570E+001, 2.527E+001, 5.527E+001, 1.842E+002, 1.788E+002, 1.625E+002, 1.551E+002, 1.581E+002, 1.741E+002, 1.931E+002, 2.027E+002, 2.245E+002, 2.454E+002, 2.448E+001, 3.894E+001, 3.631E+001, 2.876E+001, 1.997E+001, 1.945E+001, 1.911E+001, 1.872E+001, 1.876E+001, 1.884E+001, 1.883E+001, 5.653E+001, 5.579E+001, 6.608E+001, 6.348E+001, 6.494E+001, 6.175E+001, 5.462E+001, 9.460E+001, 1.112E+002, 1.132E+002, 1.037E+002, 8.159E+001, 8.407E+001, 1.111E+002, 9.473E+001, 6.544E+001, 7.427E+001, 7.062E+001, 8.391E+001, 4.994E+001, 5.900E+001, 5.905E+001, 6.559E+001, 9.161E+001, 7.053E+001, 5.180E+001, 5.878E+001, 6.238E+001, 1.180E+002, 4.041E+001, 4.931E+001, 5.281E+001, 5.413E+001, 4.044E+001, 4.351E+001, 4.704E+001, 4.900E+001, 2.069E-001, 3.923E-004, 2.198E-008, 1.884E-001, 7.789E-003, 2.323E-005, 4.000E+000
 5.600E+002, 9.719E+001, 7.817E+001, 4.289E+001, 3.364E+001, 3.180E+001, 3.107E+001, 3.138E+001, 3.126E+001, 3.218E+001, 3.376E+001, 8.146E+001, 7.998E+001, 6.472E+001, 4.230E+001, 3.043E+001, 2.761E+001, 2.692E+001, 2.675E+001, 2.644E+001, 2.633E+001, 5.553E+001, 1.746E+002, 1.670E+002, 1.587E+002, 1.531E+002, 1.541E+002, 1.595E+002, 1.677E+002, 1.719E+002, 1.818E+002, 1.942E+002, 2.454E+001, 3.930E+001, 3.167E+001, 2.386E+001, 2.015E+001, 1.937E+001, 1.900E+001, 1.873E+001, 1.874E+001, 1.881E+001, 1.887E+001, 5.603E+001, 5.692E+001, 6.769E+001, 6.878E+001, 6.918E+001, 6.687E+001, 6.365E+001, 8.391E+001, 1.021E+002, 1.108E+002, 9.809E+001, 7.052E+001, 7.858E+001, 1.085E+002, 9.589E+001, 6.637E+001, 8.028E+001, 8.001E+001, 8.103E+001, 5.705E+001, 6.395E+001, 6.662E+001, 6.759E+001, 7.949E+001, 7.491E+001, 6.034E+001, 6.317E+001, 6.723E+001, 1.156E+002, 4.649E+001, 5.074E+001, 5.799E+001, 5.784E+001, 4.004E+001, 4.619E+001, 4.983E+001, 5.232E+001, 2.069E-001, 3.897E-004, 1.429E-008, 1.871E-001, 8.268E-003, 2.473E-005, 4.000E+000
 5.700E+002, 1.022E+002, 7.979E+001, 4.407E+001, 3.355E+001, 3.061E+001, 3.032E+001, 3.062E+001, 3.159E+001, 3.342E+001, 3.384E+001, 8.301E+001, 7.882E+001, 6.327E+001, 3.877E+001, 2.716E+001, 2.625E+001, 2.638E+001, 2.634E+001, 2.638E+001, 2.673E+001, 5.575E+001, 1.761E+002, 1.635E+002, 1.467E+002, 1.336E+002, 1.317E+002, 1.374E+002, 1.471E+002, 1.530E+002, 1.697E+002, 1.922E+002, 2.458E+001, 3.929E+001, 3.112E+001, 2.301E+001, 2.044E+001, 1.944E+001, 1.894E+001, 1.873E+001, 1.870E+001, 1.874E+001, 1.881E+001, 7.168E+001, 7.069E+001, 8.046E+001, 8.178E+001, 7.954E+001, 7.626E+001, 7.465E+001, 8.515E+001, 9.618E+001, 1.026E+002, 8.800E+001, 8.600E+001, 9.496E+001, 1.119E+002, 8.981E+001, 7.499E+001, 8.891E+001, 8.806E+001, 8.135E+001, 6.051E+001, 6.372E+001, 7.563E+001, 6.376E+001, 9.071E+001, 8.386E+001, 6.184E+001, 6.685E+001, 6.371E+001, 1.052E+002, 4.878E+001, 5.156E+001, 6.075E+001, 5.571E+001, 4.322E+001, 4.743E+001, 5.117E+001, 5.004E+001, 2.070E-001, 3.886E-004, 1.024E-008, 1.851E-001, 9.420E-003, 2.834E-005, 4.000E+000
 5.800E+002, 8.778E+001, 7.359E+001, 3.980E+001, 2.965E+001, 2.974E+001, 3.071E+001, 3.105E+001, 3.216E+001, 3.496E+001, 3.391E+001, 8.561E+001, 8.014E+001, 6.080E+001, 3.572E+001, 2.612E+001, 2.519E+001, 2.561E+001, 2.588E+001, 2.663E+001, 2.728E+001, 5.596E+001, 1.703E+002, 1.528E+002, 1.376E+002, 1.216E+002, 1.224E+002, 1.338E+002, 1.504E+002, 1.612E+002, 1.841E+002, 2.093E+002, 2.463E+001, 3.827E+001, 2.707E+001, 2.175E+001, 2.031E+001, 1.986E+001, 1.958E+001, 1.944E+001, 1.946E+001, 1.959E+001, 1.965E+001, 8.337E+001, 8.397E+001, 8.551E+001, 8.681E+001, 8.679E+001, 8.583E+001, 8.629E+001, 8.106E+001, 8.431E+001, 1.003E+002, 9.033E+001, 9.135E+001, 9.785E+001, 1.126E+002, 8.582E+001, 7.880E+001, 8.612E+001, 8.881E+001, 8.217E+001, 5.419E+001, 5.987E+001, 6.802E+001, 6.644E+001, 9.785E+001, 8.702E+001, 5.666E+001, 5.607E+001, 6.481E+001, 9.911E+001, 4.523E+001, 4.573E+001, 5.151E+001, 5.575E+001, 4.120E+001, 4.309E+001, 4.633E+001, 4.962E+001, 2.076E-001, 3.873E-004, 2.419E-009, 1.874E-001, 8.341E-003, 2.496E-005, 4.000E+000
 5.900E+002, 7.722E+001, 6.383E+001, 3.886E+001, 2.989E+001, 2.964E+001, 2.902E+001, 2.889E+001, 2.904E+001, 3.029E+001, 3.399E+001, 8.150E+001, 7.043E+001, 5.594E+001, 3.709E+001, 2.994E+001, 2.668E+001, 2.527E+001, 2.530E+001, 2.573E+001, 2.625E+001, 5.615E+001, 1.669E+002, 1.496E+002, 1.385E+002, 1.326E+002, 1.327E+002, 1.368E+002, 1.440E+002, 1.487E+002, 1.610E+002, 1.837E+002, 2.467E+001, 3.837E+001, 3.190E+001, 2.294E+001, 2.055E+001, 2.065E+001, 2.094E+001, 2.108E+001, 2.115E+001, 2.130E+001, 2.138E+001, 5.675E+001, 5.477E+001, 5.990E+001, 6.078E+001, 6.775E+001, 6.734E+001, 7.165E+001, 8.735E+001, 8.881E+001, 1.012E+002, 9.474E+001, 8.601E+001, 9.096E+001, 9.243E+001, 8.901E+001, 8.642E+001, 7.559E+001, 7.163E+001, 7.058E+001, 5.409E+001, 5.631E+001, 6.016E+001, 6.114E+001, 9.645E+001, 8.317E+001, 5.263E+001, 5.388E+001, 6.365E+001, 1.036E+002, 3.624E+001, 4.631E+001, 4.860E+001, 5.270E+001, 3.682E+001, 4.149E+001, 4.289E+001, 4.664E+001, 2.078E-001, 3.868E-004, 7.496E-014, 1.951E-001, 5.175E-003, 1.503E-005, 4.000E+000
 6.000E+002, 8.796E+001, 7.268E+001, 3.867E+001, 2.802E+001, 2.740E+001, 2.753E+001, 2.769E+001, 2.853E+001, 2.977E+001, 3.407E+001, 8.592E+001, 7.706E+001, 5.637E+001, 3.428E+001, 2.924E+001, 2.656E+001, 2.564E+001, 2.594E+001, 2.636E+001, 2.724E+001, 5.633E+001, 1.807E+002, 1.721E+002, 1.576E+002, 1.524E+002, 1.644E+002, 1.782E+002, 1.994E+002, 2.116E+002, 2.394E+002, 2.711E+002, 2.470E+001, 3.947E+001, 3.399E+001, 2.483E+001, 2.141E+001, 2.158E+001, 2.171E+001, 2.173E+001, 2.175E+001, 2.181E+001, 2.191E+001, 4.703E+001, 4.612E+001, 5.495E+001, 5.820E+001, 6.126E+001, 6.146E+001, 6.340E+001, 8.840E+001, 1.052E+002, 1.170E+002, 9.609E+001, 8.890E+001, 9.458E+001, 1.127E+002, 9.614E+001, 8.067E+001, 7.583E+001, 7.801E+001, 8.131E+001, 6.082E+001, 5.699E+001, 6.106E+001, 6.820E+001, 1.048E+002, 8.044E+001, 5.748E+001, 5.637E+001, 6.725E+001, 1.152E+002, 4.424E+001, 4.510E+001, 5.374E+001, 5.655E+001, 3.722E+001, 3.839E+001, 4.515E+001, 4.681E+001, 2.078E-001, 3.868E-004, 9.622E-013, 1.913E-001, 7.097E-003, 2.105E-005, 4.000E+000
